Error,dError,PWM
-0.250919762305275,-0.476588632528188,-13.4218235455547
0.901428612819832,-0.506042401856,14.9450792926558
0.46398788362281,0.812509161042073,23.7873345062014
0.197316968394073,-0.500907600300988,-2.58068979466299
-0.687962719115127,-0.456100547742738,-24.0405761940192
-0.688010959327595,0.518796524835927,-9.41832611065096
-0.883832775663601,-0.10052031509892,-23.6036241180738
0.73235229154987,0.553421113910362,26.6101239974022
0.202230023486418,-0.86926768487123,-7.983264685908
0.416145155592091,-0.0248576126532314,10.0307647000038
-0.958831011408395,-0.932772799633435,-37.9623672797114
0.939819704323989,-0.874693593089291,10.3750887117604
0.664885281600843,0.812874906688822,28.8152556403534
-0.575321778643448,-0.72150925776481,-25.2056833325583
-0.636350065585799,0.0648413645504342,-14.9361311713885
-0.633190980293132,-0.177808794798587,-18.4969064293071
-0.391515514080925,-0.305313347482315,-14.3675880642578
0.0495128632644757,0.799666691374545,13.2328219522301
-0.136109962715768,-0.956353206449021,-17.7480471646295
-0.417541719603916,0.327579372351178,-5.52485240483023
0.223705789444759,0.926788868427101,19.4944777625255
-0.721012278695916,0.120336366923684,-16.2202614635427
-0.415710702929564,0.873644924066184,2.71190628775366
-0.267276313412617,-0.895484241427952,-20.1141714567347
-0.0878600315659281,-0.162413361851677,-4.63270121692336
0.570351922786027,-0.479684418075898,7.06353179851222
-0.600652435683281,0.46164192996146,-8.09168194266012
0.0284688768272232,0.962594180994493,15.150634635598
0.184829137724085,-0.486939875111504,-2.68336968357044
-0.907099174560005,0.308349202948149,-18.0522413197779
0.215089703802877,-0.60380473448052,-3.67982842213588
-0.658951752625417,0.13066050914322,-14.5138861784871
-0.869896814029441,-0.0721350266233276,-22.8294457500859
0.897771074506666,0.944010659263074,36.6044367516128
0.931264066149119,0.217054545392933,26.537419834622
0.616794696232922,-0.300987255826362,10.9050585684276
-0.390772461653259,-0.771808430224133,-21.3464379946935
-0.804655771987232,-0.697506342530131,-30.5789894376328
0.368466053024314,-0.54936614009753,0.971159224144897
-0.119695012520797,-0.498066677319404,-10.463375472811
-0.755923530310442,0.701232115682276,-8.37960652252693
-0.00964617977745963,0.12244557656505,1.59552915403926
-0.931222957769563,0.0467818227487329,-22.5788466030081
0.818640804157564,-0.770462256261565,8.90908626001563
-0.482440036799966,0.72027938669887,-1.25681011951611
0.325044568707964,0.445628606416967,14.8105433139536
-0.376577847821178,-0.864663276199997,-22.3843953385294
0.0401360423556216,0.415670194459537,7.2384539757836
0.0934205586865593,0.0870764346852921,3.64166048744336
-0.630291088948946,-0.836549308506443,-28.3055168513203
0.939169255529117,-0.0833987169426871,22.2282506340876
0.550265646722229,-0.030607425739906,13.2975297819571
0.878997883128378,-0.668450919673448,11.9481832831077
0.789654700855298,0.891396294000565,33.1123119313909
0.19579995762217,0.699950742961324,15.3942600849741
0.843748470046234,0.338044674658217,26.1643818710291
-0.823014995896161,-0.0754088779987856,-21.7065080673858
-0.60803427516171,-0.176468916830983,-17.8478906315075
-0.909545422178924,0.301946934301908,-18.2094315399445
-0.349339338473471,0.0908637388138109,-7.37052737962962
-0.222645420621036,-0.875453788236229,-18.6979423390693
-0.457301936452208,0.0250052975406634,-11.0574689481953
0.657475018303859,0.612807234465679,25.6289839745817
-0.286493346612821,-0.0815202448060839,-8.38513733741179
-0.438130980625238,-0.896086844891463,-24.3945771890029
0.0853921663164969,0.572556398768066,10.7231501394334
-0.718151550050475,-0.597272435728051,-26.9128752871826
0.604393961508079,-0.482758330223922,7.86847408434315
-0.850898712640458,-0.670587293135408,-31.3312772130426
0.973773873201035,-0.339569870257005,19.2507987761708
0.544489538593315,0.51350301137727,21.3147836354919
-0.602568636931655,0.0387717190078747,-14.4826401381733
-0.988955765752795,-0.590237451698575,-33.5774559192985
0.630922856909668,0.755660156304082,27.1079737673029
0.413714687695234,0.759163709903058,21.7303228409267
0.458014336081975,0.741156850092014,22.5677111534296
0.542540693371891,-0.522407577236921,5.72740367574347
-0.851910696531819,-0.0975213116380238,-22.7605870878658
-0.283068542911455,0.96997931228175,7.47297611143988
-0.768261880949741,0.544024952619981,-11.0461727344438
0.726206851751187,-0.94566515754888,3.97019393054647
0.246596253655116,-0.869590817479016,-6.87895592080734
-0.338203950294702,-0.0721372463753345,-9.53715745299756
-0.872883299427953,0.81844041172312,-9.54547630985201
-0.378035356568676,0.0774035959054284,-8.28982997563546
-0.349633355946506,-0.00437498393141955,-8.80645865763394
0.459212356676128,-0.789052600086739,-0.355480084397879
0.275114942710426,0.313560209448588,11.5812767094895
0.774425485152653,0.644206321200451,29.0237319468231
-0.0555701496761014,-0.239159984984875,-4.97665351667567
-0.760811508123397,0.551223701850655,-10.7519321753251
0.42648957444599,0.928953307801623,24.5965389781741
0.521570097233795,-0.592467081744622,4.15224620467555
0.122554395138992,0.0466592623894826,3.76374881431705
0.541934359909122,-0.425724083830849,7.16249774026532
-0.0124088072712185,0.585708838067679,8.47541238923472
0.0454656587639881,0.155186731762315,3.46444244553443
-0.144917963282901,0.269164835100608,0.414523444436594
-0.94916174651181,0.595828319231788,-14.7916188743184
-0.784217146013391,-0.20805905467509,-22.7263144704611
-0.937141628626531,0.830180136814086,-10.975838663452
0.272820822527561,0.0660577344922799,7.81138658057322
-0.371288037847347,-0.684090354329304,-19.5435562611232
0.0171413823294055,0.391798236337605,6.30550810329921
0.815132947852186,0.586522700876509,29.1761642094523
-0.50141554170225,-0.366476645864947,-18.0325382305305
-0.179234153928741,0.714358513997506,6.23452386174407
0.511102277086097,0.812286509531533,24.9618545701254
-0.542403669016755,-0.446191025244382,-20.2529571040846
-0.846040180342414,0.967042945430444,-6.64536032710369
-0.420497094172464,-0.718576943902483,-21.2910815128488
-0.677557425491991,-0.59596866319502,-25.8784655852251
0.859395304685146,-0.631550321523948,12.0116277942694
0.616240759128834,0.787979420015741,27.225710278457
0.266807513020847,0.308585104649924,11.29896439527
0.742921180375435,-0.695791433555454,8.13615800605407
0.607344153798229,-0.119353163263302,13.3933063960062
-0.626859882227928,0.230596050139604,-12.2125563036041
0.785117996979956,-0.833071830021233,7.13187247418039
0.0786844838313014,0.764832736814677,13.4396031480027
0.614880310328125,0.60720707088307,24.4801138214492
0.792182599846986,0.0104135471532765,19.9607682034738
-0.363993050056272,0.934253230518341,4.91397220636831
-0.779896150944646,-0.164478041449801,-21.9645743953632
-0.544129674916117,0.968220638072996,0.920067698192018
-0.145784422747487,0.335839997607254,1.39298939542163
0.636029531844986,0.269342546507883,19.9408764937429
0.721461166512687,-0.66809020940843,8.01517602169072
-0.986095738937619,0.763855516609288,-13.1945607243011
0.0214946051551315,-0.14502062415877,-1.63794423350326
-0.165177993702442,-0.675533188435041,-14.2624476690867
-0.55578437905854,-0.974784960048482,-28.5163838771907
-0.760269265332634,0.119511367276765,-17.2140611241644
-0.324769657192744,0.0547992442453527,-7.29725276613831
0.885819407825038,0.438707244738317,28.7260938667007
-0.35359413595849,0.780516106035604,2.86788819157183
0.0375812434867322,-0.841186830713941,-11.6782713735408
0.406037917790356,0.462992980680725,17.0958426549698
-0.272740795241412,-0.625176111804836,-16.1961615581078
0.943564165441921,0.716354106314328,34.334415730763
0.924894589884222,0.638127027723312,32.6942701629552
-0.496435408349272,0.0815875099710888,-11.1870725591655
-0.0055029882152291,0.420485597246623,6.16970925331862
-0.398243380366461,-0.371299773632503,-15.5255811136491
-0.430319011245065,-0.0576642021343707,-11.6229383131422
-0.926226105290934,0.643273795420943,-13.5065457009592
0.219128667959794,-0.0814696056535722,4.25617261419126
0.00535804645772298,-0.284403469349116,-4.13210087879367
-0.897042497500021,-0.0115751054994002,-22.5996890199915
-0.442707071526777,0.656498504874437,-1.22019921505288
0.816531771933307,-0.329583905258255,15.4695357194589
-0.520876218666055,-0.652476813728512,-22.8090576725791
-0.710210255817554,0.424028040661562,-11.3948357855154
-0.021094479444874,0.651956425416164,9.2519843951206
0.971300908221201,-0.798725042952933,12.301647061236
-0.515889456976999,-0.520251774488111,-20.7010130417466
0.344271094811757,-0.716056020478012,-2.13406293687625
0.523239230657435,-0.304117176835667,8.51922311390088
-0.524724912015201,-0.0992980421891747,-14.6075934332176
0.456432697223719,0.497652673926613,18.8756075394922
-0.264433734561494,0.302295169763348,-2.07641581758712
0.264611661187159,0.241857134956862,10.2431485540319
0.267059421521789,-0.295250106780691,2.24773393633437
0.071549368149517,0.68289510616952,12.0321607962807
-0.819420459891183,-0.0574256652036709,-21.3468964753346
0.670604991178476,0.958209876030309,31.1382729199165
-0.358439870056528,0.268284276591474,-4.9367326025411
-0.626962979200292,-0.747470516870995,-26.8861322330722
-0.918449716890472,0.352355124150868,-17.6759160599988
0.181785886376484,-0.349791969136602,-0.70223237763694
0.355128723684565,0.372654393372195,14.468033992697
-0.966824342144288,-0.860717703675189,-37.081374108735
0.024186116598562,-0.650237125648081,-9.14890396975717
-0.547008449604124,0.711474517811573,-3.00309347292951
0.2903455808189,-0.54564088595297,-0.92597376882206
-0.651267141990017,0.67408225048588,-6.17044479246223
0.381875476204932,-0.441447823091179,2.92516955875561
-0.226529307398925,0.285763820117415,-1.3767753832119
0.873459977473469,0.388301147019662,27.6610166421317
-0.724958111708013,0.0253095062901059,-17.7443101983487
-0.317867297899483,-0.389378646606537,-13.7873621465851
-0.773052957518822,-0.574711247257808,-27.9469926468377
0.849387236557126,-0.933621290875148,7.23036155080093
0.754678706761962,-0.392107197518552,12.9853597062708
-0.484116744569689,0.306325581062566,-7.50803489830373
0.319968092068358,0.876609636896965,21.1483468551634
0.634444400402432,0.742408964526104,26.9972444779523
0.110401623198925,0.532129553070605,10.7419838760322
0.059301156712013,0.576894686506597,10.1359492153993
-0.516295418199097,0.329969806951991,-7.95783835069756
-0.813794464388202,-0.479426284867994,-27.5362558827249
0.794431515906654,0.81439006141166,32.0766388188412
0.800836114326661,0.341464623811668,25.1428722153415
0.266202914546536,0.12088126196088,8.4682917930766
-0.321940417902599,-0.778021061573038,-19.7188263711605
-0.301580850774678,-0.105888912387149,-9.12785495517419
0.451911357740479,-0.0792834575961474,10.1085320795698
0.794220519905154,0.72912721904534,30.792421283309
0.774172848530235,0.0932964403755769,20.7537678188895
0.559751091715248,-0.239198902059181,10.4057937619935
0.284063292308576,0.953600657021319,21.4055921630342
-0.831720070009902,-0.778558813347369,-32.4713839504581
-0.676742571810772,-0.154903143376111,-19.242111445911
0.797108377054158,-0.915950649657189,6.18844968149612
0.21285811931918,0.479808241533861,12.5185766059874
-0.981605896766741,0.836153104398301,-11.997850853194
-0.797056914267936,-0.439925340899021,-26.5253029701837
0.327003538216112,0.716683353598242,18.9253387593764
-0.989876832307563,-0.415563539076204,-30.9803738938321
-0.678383897165003,0.82154032328783,-4.63649257980761
0.0974675787331722,0.507923807193568,10.0555465762328
0.383790395385387,0.609813553682877,18.7419631898778
0.303922519005201,-0.963986888799091,-6.86174035685634
-0.55146138107888,0.925620714148052,0.0977761852487689
0.424358442695072,0.453341984140647,17.4090908294865
-0.5255018250064,-0.390497809227733,-18.995012763576
-0.349200603681465,0.658789329717694,1.1518248537288
0.492982810236048,-0.43695760317014,5.77020620834911
0.299265798094429,0.745507679132256,18.6642601393446
0.698446820988356,-0.774839219176126,5.83858223706701
0.315225784600687,0.407371954921592,13.991223938841
0.136617206670943,0.0813969532898207,4.63638446612089
-0.812650464343815,-0.806931059609118,-32.4202275027322
-0.264568393881133,-0.516212343482322,-14.3573949992632
-0.469595264636549,-0.97519192744537,-26.3677605275943
-0.512020713241833,-0.0624640690709883,-13.7374788671106
0.946021109504891,-0.397469478479999,17.6884855604223
-0.213804550666479,0.196714968595518,-2.39438923772922
0.784093110354227,-0.405524384582766,13.5194619901142
0.262277251994526,-0.400161776986031,0.554504645072686
0.589622607083297,0.486386397463207,22.0363611390305
0.00527418621038422,-0.903714328043293,-13.4238602653898
0.153807769252718,0.805789990383974,15.9320440870776
-0.0149646123622722,0.704527748782363,10.1938009226786
-0.609514024403911,0.335609366452813,-10.2037101133056
0.444904230523011,0.186443140214769,13.9192528662968
-0.438455275118288,0.784604996279304,0.807693066232357
-0.951368067137092,-0.629339640942571,-33.2242962925659
0.290944591814336,-0.842061675618343,-5.35731033891675
-0.645778641185902,-0.520979660180924,-23.9591609323614
0.880917168705829,0.589156557400381,30.8602775786514
0.907857154005175,-0.930659466547033,8.73653685192387
0.829728780440897,0.165613670166979,23.2274245635271
-0.259682599489111,0.99087503238262,8.37106049851152
-0.969086766942265,0.711392187675079,-13.5562863584304
0.856637125175451,0.0428913780871789,22.059298800694
-0.143631703365371,-0.872718181426715,-16.681565305535
0.933309638087339,0.66274702877142,33.2739463837548
0.927239954178506,0.197957016354421,26.150354099779
0.70601891093472,-0.770134005880866,6.09846268515501
-0.411102215860829,-0.812285430353288,-22.46183685182
-0.229804542796149,0.819253638873185,6.54369101319404
0.702273343033714,0.338400525876157,22.6328414639852
-0.366155989687445,0.658573598633511,0.72470423731655
-0.661014506627815,0.757957800564535,-5.15599565722736
0.1136025249167,0.143544704096644,4.99323368436717
0.872309548321562,0.0348927035100826,22.3311292606903
0.392059593349946,-0.13914517935802,7.71431214337836
0.14012234017873,-0.366106824417761,-1.98854386179817
-0.805647012458463,-0.130808078282576,-22.1032964857002
0.230014453398339,0.547759311460313,13.9667510068632
0.980107700208527,0.203846862030263,27.5603954356671
-0.719831969526952,0.785046579909692,-6.22010053952842
0.0366593047274735,-0.113239971241625,-0.782116950437531
0.754746143855911,0.214179157437508,22.0813409579604
0.481537235508409,0.262615106183977,15.9776574804699
0.394031481990536,0.183394324612651,12.6017019189532
0.404968167974219,0.405267546171033,16.203217391921
-0.28101769756049,-0.525133063250387,-14.9024383877681
-0.412816311471013,0.0247275550915813,-9.94949446040161
0.618722310957027,-0.791550394383305,3.59480185817611
0.620226789358362,-0.230977344710375,12.0410095633034
0.734144637160207,-0.0246658627574712,17.9836279876431
0.826481105112943,0.304448519090945,25.2287554141877
0.0226847977218756,0.901062105172407,14.083051520633
0.00303258937439921,0.201302133096712,3.09534673081066
0.59659035793355,0.48718783235312,22.2225764336356
0.29992786155553,0.0125321189904055,7.68617832374434
0.403933754515407,0.268208062752663,14.1214648041751
0.591585338872202,-0.858135567732453,1.91759995581826
0.780010683635133,-0.491216838316306,12.1320145161337
-0.324009686296928,-0.276293813589723,-12.244649361269
-0.248834094720112,-0.0550132899869729,-7.04605171780739
-0.812036120318262,-0.908702508995233,-33.931440642885
0.156560281992348,-0.719951804893365,-6.88527002359177
-0.928115452406516,-0.446371384417388,-29.8984570764237
-0.0688039637350797,0.943065381802101,12.4258816336545
0.0852892694151532,-0.337305985793898,-2.92735805152965
-0.426917495743431,-0.0359178837758349,-11.2117056502233
0.181666521138022,-0.607804574523214,-4.57540558939767
-0.938999500121901,0.221560142151537,-20.1515853707745
-0.925303622501571,-0.438633568968051,-29.71209409706
0.645201121319317,-0.586014843123146,7.33980538613572
-0.279618717177474,0.0331452568919581,-6.49328907605748
-0.74587897469623,-0.988988401679158,-33.4818003925931
0.0444865201096087,-0.984671934701549,-13.657916017783
0.539987106197222,-0.561862381796284,5.07174192798628
-0.568357945006314,-0.926557274998358,-28.1073077501332
0.245780951638001,-0.783948491738617,-5.61470358512925
-0.829305070012464,-0.322278701322497,-25.5668072701491
-0.896636557662785,0.605171359159626,-13.3383435541752
0.062709263136296,0.144097286738602,3.72919087948643
0.081270243220213,0.0253354519128328,2.41178785919782
0.274859802996413,-0.413022353583757,0.676159771153977
0.452182667445323,0.863507438865633,24.2571782691176
0.951704158925069,-0.205969917525617,20.7030552102425
0.0326006966023906,-0.825814466408457,-11.5721995810671
-0.354087054117508,0.234133032235603,-5.34018086940366
0.590372389537407,-0.772323213046797,3.17446154273322
-0.458335497475852,-0.309553714396616,-16.1016931528455
-0.122057158588728,0.0148238774356177,-2.82907080318393
-0.843087237315468,0.748445049370352,-9.85050519233143
-0.949298513169085,-0.0129068393197627,-23.9260654190236
0.92529682935585,0.404517532063329,29.2001837148462
0.671960241024412,0.985633677998141,31.5835111955824
0.391948412187396,-0.737021760204037,-1.25661609837565
-0.18209411117146,-0.450536948960961,-11.3104070137009
-0.653411359858308,-0.210847848804707,-19.4980017285283
-0.687125914657828,-0.156343642922337,-19.5233025102808
-0.499514203670809,-0.177957849468908,-15.1572228338039
0.0984533294122409,0.81522200511311,14.6896633120027
0.429191845400125,0.428065288933713,17.1507754690088
0.320394753435463,0.215810428181407,11.2470252586077
-0.440132206108114,-0.381254564274436,-16.7221236168194
0.909730561326388,0.647580768442589,32.4569755597985
0.475793833391537,0.910121022969978,25.5466611793381
0.108708105022801,0.642396565100453,12.3536511020768
0.223441492468704,-0.996869789617054,-9.3670095325382
-0.16079987514442,0.272802740366814,0.0720442268917072
-0.504538020997685,-0.897729237115799,-26.0793890816791
-0.288054642697477,-0.484785559332556,-14.4731494574253
0.515692220928738,-0.880950599304457,-0.321953466348393
-0.971213022740488,0.207590905898775,-21.1664619800306
-0.767854718986168,0.373179826985214,-13.598670569876
-0.907994715956495,-0.77102472386819,-34.2652387569352
-0.91854239536206,-0.232322233910041,-26.4483933927021
0.710921168022014,-0.087526982088916,16.4601244692166
0.407315718760047,-0.261893956478167,6.25448362182868
-0.0516523418253496,-0.757949999029614,-12.6605585310779
-0.804331678697997,-0.162104419625049,-22.5398582618257
-0.0167682497663353,0.502356095616836,7.11613519009416
-0.0530564584388686,-0.857984670933489,-14.1961815249741
-0.65359626017997,-0.839639971836193,-28.9345060820421
-0.132296701524054,-0.290457416328032,-7.66427878302182
-0.202990531205253,0.88345142323785,8.17700806843642
0.231700196104433,0.337145293445828,10.8496843042982
0.270187301735288,0.35733991334513,12.1147812435591
-0.909391980455911,-0.27616001832427,-26.8771997862618
-0.250774770747058,0.187321582417077,-3.45954553242029
0.251719831428473,-0.979737631944513,-8.40306869345588
0.00627251716017541,0.272192092819084,4.23969432129065
0.712979682376645,0.826573895152473,30.2231004867032
0.31738726323789,0.225146936689638,11.3118856312918
-0.674131145837141,0.74739718693269,-5.64232084193817
-0.85886250519914,0.447946110932188,-14.7523709659957
0.284838556412631,-0.75888316719262,-4.26228359757351
-0.946977378916756,0.804906614571683,-11.6008352543437
0.171551162546927,-0.86711231128845,-8.71790560565359
0.880460482849915,0.0679349450955276,23.0305362476808
0.150948355751758,-0.715725752413085,-6.96217739240232
-0.223660147586956,-0.976586778538192,-20.2403053677468
0.286576436884706,-0.155931479744722,4.82543872594683
-0.0834942190169667,-0.409918584691688,-8.23613424579948
0.0912335786318699,-0.027999012404794,1.86085427972484
0.88292961755305,0.154399773469102,24.3892370408628
-0.227794724398451,-0.912521855382105,-19.3826959406929
0.922381127647828,-0.753993409752509,11.7496270449081
0.810701283912127,0.117284792900851,22.0268039913159
-0.608417730421407,-0.313665293654684,-19.9154226653554
-0.861277398249669,0.458346975098896,-14.6567303297583
-0.798443997245147,0.304583297183879,-15.3923504733705
-0.963556348696901,0.691208725979814,-13.7207778277253
-0.811114078488143,0.384985653338451,-14.5030671621268
0.366013546832714,-0.140137845219704,7.04827099252229
-0.857622703079542,0.345933244788865,-16.2515689051556
-0.362048739412477,-0.449237651489163,-15.7897832576494
0.689750621938909,-0.387373002443575,11.4331705118191
-0.953456128528348,0.577970319841587,-15.1668484155849
0.628936965177872,-0.107160967196836,14.1160096214943
-0.4362904504532,0.596760681036705,-1.95585104577943
-0.763670344756687,0.644844747336557,-9.41908740886883
0.393474330728301,0.715124675322568,20.563728398046
0.257885693559768,0.833270471682415,18.9461994142304
0.754944027054106,-0.138029558973408,16.8031572917515
0.470142087607772,-0.362266363357722,6.31955673982845
0.606961860769697,0.164397493188228,17.6400089170658
-0.435930854857387,-0.257655153124745,-14.7630986683058
-0.645120912440554,0.202148333600466,-13.0957978070069
0.501229503281717,0.411171725287649,18.6983134613577
0.613669478534528,0.376810036984274,20.9938875181273
0.981010284001347,-0.250894225959757,20.7618437106373
-0.174764646177147,-0.666279596602494,-14.3633101034661
-0.255963828414434,-0.138941323075585,-8.48321555649462
0.552825921483994,-0.714811711836183,3.0984723595571
-0.318392919493964,0.780194070367617,3.74308806816514
0.861514651207129,-0.308245078524285,16.914190102314
0.716825503686024,-0.691080505553352,7.5544300088503
-0.142011945249963,-0.949104480188498,-17.7868658340766
0.501742135582995,0.291644772572969,16.9182249781694
0.509085748169365,0.273804634909486,16.8342132278764
-0.793752262328135,-0.318791666837417,-24.6256815607646
0.805105813359133,-0.856576222304698,7.27900199940786
0.0105047448957143,-0.180742210209536,-2.44851453075018
0.652914932215483,-0.377565009873213,10.6593981572889
-0.359900797938776,0.354241279470019,-3.68390075641913
0.791046456992401,0.211558498905381,22.9495389083907
-0.221596642531674,-0.27081254360492,-9.60210421736564
-0.978324697039403,-0.56421489149002,-32.9213407983354
0.810763952838527,0.976071932311184,34.9101778056309
-0.817426646427733,-0.0919967576077703,-21.8156175248099
-0.36137272481917,0.376548471560474,-3.38609104707214
0.90012393410161,-0.718894064843278,11.7196873798911
0.901214293875112,-0.0288206006812044,22.0980483366597
0.146875776246572,-0.944926560261069,-10.5020039977517
0.263674424339599,0.0109102358208999,6.75551414580346
-0.10310895604336,0.928034814235405,11.3427983124471
-0.413578456603871,-0.2315865740284,-13.8132600255228
-0.342670909260168,-0.922007974850177,-22.3968923542569
0.345036912154077,-0.938088418161313,-5.44540346856777
0.50474905887536,-0.224026480106261,9.25832927029009
0.583158087451697,-0.679950127073612,4.37970028018825
0.579236285589108,-0.953295807343628,0.181470029573273
-0.817587793902619,0.512427227900354,-12.7532864290602
-0.0111593905948371,-0.0829539822362186,-1.52329449841421
-0.884882479966711,-0.421510456054691,-28.4447188399882
0.0990577646474711,0.800166366032961,14.4789396066812
-0.116938997253246,-0.767722079598949,-14.4393061253154
0.7754083655166,0.911837657910638,33.0627740065746
-0.298169974895843,-0.372066565245294,-13.0352478510755
-0.765865967144788,0.776807344617362,-7.49453900935927
-0.714016635894328,0.205885752958923,-14.7621296029744
0.523021263434944,0.653414719482975,22.8767523781182
0.236436126632522,0.968026326420929,20.431298062127
-0.79775464775442,-0.423189124362509,-26.2917030592981
-0.831786387770005,0.922270970815186,-6.96059513202234
0.40193826291824,-0.221036210195159,6.73291342002861
-0.854473987271613,-0.228976190526155,-24.7964925396827
0.643720118580712,-0.319225791490989,11.304616092153
0.412484454312992,0.0828152146951704,11.5543395782524
-0.8373024387162,-0.691709913643026,-31.3082096725504
-0.830324571829616,0.107422970716022,-19.1467697350001
0.973279157002351,0.083409624820008,25.5831232973589
-0.251458408487759,0.52380362520974,1.57059416595212
-0.258715705866218,0.667299923875171,3.54160621147211
0.625599134515005,-0.119117299375152,13.8532188722478
0.894497154767717,-0.395333501297013,16.4324263497377
0.972002127645742,-0.481330205365811,17.0801001106564
0.506756370517883,-0.610752326590256,3.50762436409324
-0.247480828938168,-0.88470483560195,-19.4575932574835
-0.832998566602662,-0.315104042330573,-25.5515248000252
0.554293831854874,-0.459504615738433,6.96477656029534
0.11680849947161,0.932834771732815,16.9127340627825
-0.151555981506047,0.115417652500088,-2.05763475014987
0.812708770189472,-0.305445921938985,15.736030425652
-0.777605035387697,0.160935201987392,-17.0260978548816
-0.0147497914182817,-0.721606597308609,-11.1928437450862
-0.977292710465162,-0.111912501595594,-26.111005285563
-0.0626787160117475,0.252468642842128,2.22006174233823
-0.887393448636325,-0.0222043364150972,-22.5179012621346
-0.762364167463856,-0.196442398691351,-22.0057401669667
-0.76494750644579,0.987696777799396,-4.30823599415381
0.298420604232127,0.760629524297854,18.869957970271
0.492089758530847,0.24681191631888,16.0044227080544
0.166737530194319,0.138754722364566,6.24975909032646
0.924345096949084,0.241320959649168,26.7284418184646
-0.250258840952592,-0.597375784355133,-15.2171077891418
-0.428575827436279,-0.209724513471363,-13.8602633879774
0.737198256378921,-0.921080934218201,4.61374239619999
-0.552808322961095,-0.0489079250263467,-14.5538269494226
0.926445078881223,0.0860491679153264,24.4518644907605
-0.975691050620367,-0.544500527793581,-32.5597841824129
0.939757653415278,0.928057694331027,37.4148067503474
-0.913680176098848,0.818909221874484,-10.5583660743539
0.782286227396142,0.444286470911812,26.2214527485807
0.0554022181725997,0.0667732575307252,2.38665431727587
0.985929592238601,0.73993831929537,35.7473145953956
-0.852406870529202,-0.738695312353074,-32.3906014485262
0.107708568802642,0.58101958854977,11.4080080483126
0.938605071238198,-0.750358372066303,12.2097511999604
0.0461956883402976,0.588421325098811,9.9812120849896
0.258797276270525,-0.448464863497286,-0.257041045696165
0.391497377969234,0.754181162036378,21.1001518797765
-0.0909178704644535,0.888084187650796,11.0483160531506
0.255116160168127,-0.702408061189769,-4.15821691364336
0.1686286238462,-0.074648789869213,3.09598374811682
0.802316020981978,0.96197475632537,34.48752186943
-0.909107239317084,-0.0331851280537068,-23.2254579037327
-0.438073620815539,0.72709504502909,-0.0454148449521288
0.900822968153117,0.17746304426264,25.1825198677675
0.780527567781833,-0.249340184160796,15.7730864321339
-0.0886864944285741,-0.42843288894826,-8.64365569493825
0.240265195603073,-0.593553817827825,-2.89667737734055
-0.445237634037735,0.523596382755394,-3.27699510961245
-0.623757680552477,-0.226918986353944,-18.9977268091211
-0.0726031901200357,0.0225509244015023,-1.47681588697836
-0.293295543947894,-0.0153490399976361,-7.5626241986619
0.167312223701744,0.154558058466262,6.50117646953754
-0.84453072607003,0.731154291249104,-10.1459537830142
0.948789615332333,0.961478687166859,38.1419206908112
0.972421488959206,-0.184831582852366,21.5380634811947
0.39632342803949,0.655037844212606,19.7336533641763
0.0721927326882408,0.529055589309435,9.74065215684755
-0.380944767427345,0.147057902911147,-7.31775064201642
0.627590039413897,0.912094287223866,29.3711652937054
0.369462345107759,-0.599050968943194,0.250794093546046
-0.674766121310217,-0.781471579380757,-28.5912267234668
0.821854368987685,0.707923933910844,31.1652182333548
0.645074485846338,-0.121700366732503,14.3013566451709
0.899599826583848,0.693937708414121,32.899061290808
0.45143901677672,0.78618041039083,23.0786815752804
0.22683039187158,-0.875084812761857,-7.45551239463836
-0.163513927418762,0.766929525972121,7.41609470411276
0.865456966708027,-0.103361889261156,20.0859958287833
0.732127779000817,0.0208649780084644,18.6161691451474
-0.909562659787621,0.25318502218642,-18.9412911618942
-0.947266051005496,0.852765213460174,-10.8901730732348
-0.247073266243901,-0.961767811140472,-20.6033488232046
0.621106661563666,-0.0463130633643658,14.8329705886262
0.974552258629889,0.375444084861121,29.995467738664
-0.699166217792944,0.445413915396457,-10.7979467138767
0.18826143070427,0.385064863074216,10.48250871372
-0.238218286737957,-0.731129741183756,-16.9224032862053
0.939828795629206,-0.401208823256638,17.4775875418806
0.684237846271417,-0.282568949165973,12.8674119192958
0.676657409422276,0.60887441535901,26.049551465942
-0.0626136804100594,-0.442480255170894,-8.2025458378149
-0.17036099532467,-0.578590072265594,-12.9378759671006
-0.453185856138588,0.914896038076192,2.3937941676782
-0.887249006698146,-0.982273429773062,-36.9153266140496
0.729444752510106,0.995641711363956,33.170744483212
0.625802018260155,0.353642597714791,20.9496894222257
0.999435346572261,0.656938598898234,34.83996264778
0.993273674147811,-0.410761207307614,18.6704237440811
0.110863411205255,-0.97136944466588,-11.7989563898568
0.537974830361021,0.47573903712306,20.5854563158714
0.889531459764856,0.668289194001352,32.2626244041417
0.699294781354823,0.480952263907038,24.6966534924761
-0.505303796513605,-0.714299425398323,-23.347086293815
-0.098911729379813,0.506855844513938,5.13004443321375
-0.74168116969701,0.537845564215282,-10.474345779196
0.908102054517445,0.31708103134011,27.4587668330378
0.21234926890176,0.532231865591172,13.2922097064116
-0.542714388993075,0.691842879355464,-3.1902165344949
0.343401368811713,0.227208228474917,11.9931576474166
0.236256480915792,-0.822790572060642,-6.43544655801484
-0.283674563934319,-0.0247443806655783,-7.46302980834165
-0.772884815600742,-0.84470133065679,-31.9926403498704
0.343146391185599,-0.184913937935138,5.8049507106129
0.0406154018075866,-0.185787021748745,-1.77142028104151
0.544636783471279,-0.867980311719517,0.596214910989215
0.0403270022239868,-0.302358932061041,-3.52720892531595
0.70436300063708,-0.77800380241737,5.93901797966645
0.103813677548971,0.616470420018444,11.8423982390009
0.121875943070773,0.895376051928942,16.4775393557034
0.75330720531669,-0.855367049484123,6.00217439065541
-0.193034267575206,0.910230414583403,8.82759952937089
-0.731969543098719,0.0451531986734903,-17.6219405973656
-0.942434647373322,-0.400868644092252,-29.5738958457168
0.510274511347238,-0.846275849447673,0.0627250419658552
0.240619102706929,0.00124853614083564,6.03420560978577
0.408159536198447,0.589031088981497,19.0394547396836
-0.574071676982179,0.414172954533396,-8.13919760655352
-0.72725704882646,-0.899547977072052,-31.6746458767423
-0.970910668664236,-0.854196329264193,-37.0857116555688
-0.298824882386806,-0.194253434734726,-10.384423580691
0.179835373709266,-0.409419011904113,-1.64540083583005
-0.215511909800535,-0.535231353887904,-13.4162680533319
-0.125050155952542,-0.437991002182573,-9.69611893155214
0.808317388987497,0.606965486593769,29.312417023594
-0.303489065953399,0.858456107263708,5.28961496012063
0.0279789783196216,-0.189794610944867,-2.14744470618247
0.567306025482286,0.812222004264994,26.3659807010321
-0.20691443535746,-0.357008597504236,-10.5279898465
0.244173400455747,-0.0471260273124168,5.39744460170742
0.72472741749349,-0.547942004368001,9.89905537181725
0.899041247315284,0.280952084351688,26.6903124481574
-0.705853038141924,0.957962230349618,-3.27689249830384
0.853175250322989,0.206986192086757,24.4341741393761
-0.0157674138409236,-0.284371831772902,-4.65976282261662
-0.483511223402083,0.295634891981057,-7.65325720533623
-0.0817284875234774,-0.754158643069225,-13.3555918341253
0.960065150570954,0.777318160530797,35.6614011722358
-0.0147638120142608,0.00616790155967273,-0.276576776961429
-0.342496779424984,-0.101300515920716,-10.0819272244353
0.266801708633452,0.171729576907038,9.24598636944186
-0.519708762443614,0.249567725578805,-9.24920317740827
-0.848273343782672,-0.856448387546974,-34.0535594077714
-0.742240556178702,0.365234442446805,-13.0774972677655
-0.743908322084455,-0.516136639368941,-26.3397576426455
-0.696194612975411,0.42790526501318,-10.9862863491876
-0.72234565470118,0.645069588768393,-8.38259753600359
0.281749489606429,0.607917015105041,16.1624924667363
-0.63623983120171,0.105001934815778,-14.3309667578061
-0.308665433352274,0.0403397846215023,-7.1115390644843
0.793576819812024,-0.714248077321177,9.12569933548294
-0.0520767194742553,0.550692300806271,6.95846652523768
0.335115477042054,-0.457181239106571,1.52016833945279
-0.65536025759674,-0.00660915436410692,-16.4831437553801
-0.615421962382658,-0.431451814144967,-21.857326271741
-0.918262767467042,-0.732343274000614,-33.9417182966853
-0.662129873855671,0.259115393783473,-12.6665159396397
-0.442819321936083,-0.891335930354192,-24.440522003715
-0.645979031446506,0.4972904682524,-8.69011876237666
-0.822594932485889,-0.364826409477767,-26.0372694543137
-0.758728257798798,-0.999730613991029,-33.9641656548354
-0.0784424639345485,0.0222582784744596,-1.62718742124682
-0.587332563188415,-0.906296182944794,-28.2777568238823
-0.271460277903849,-0.447660884358201,-13.5014202129692
0.00683454170971376,0.413952974911432,6.38015816641433
0.380789657258731,-0.874620756756268,-3.59956991987576
-0.921375720317802,0.678676984712005,-12.854238237265
0.598820797818085,-0.992360154682834,0.0851176252096248
0.255800778981816,-0.506352261596196,-1.20026444939754
-0.836481936102256,0.481808112304143,-13.6849267179943
0.747157248213554,-0.367459700541386,13.1670356972181
0.841744801063626,-0.796215223867973,9.10039166857107
-0.877844080290272,-0.279532162399144,-26.139084443244
-0.446244703705593,-0.459213427230949,-18.044319001104
0.612402559586123,0.68542380432111,25.5914210544697
0.496519380767317,-0.373304164829714,6.81342204673721
-0.630957961287245,0.577864943552014,-7.10597487890092
-0.581301353326579,0.783744289621469,-2.77636948884244
-0.259055794417236,-0.132365160846941,-8.46187227313501
-0.0309540296179573,0.819886287708784,11.5244435751828
0.236509543060592,-0.245363892073614,2.23228019541058
-0.262172720860455,0.928156832980216,7.36803447319187
-0.0749305677337042,-0.821420950948854,-14.1945784575754
0.494941876267513,0.374038533006485,17.9841249017851
-0.926633594218804,-0.0123719190861427,-23.3514186417622
-0.495126111311958,-0.224702389088706,-15.7486886191295
0.426699171769105,0.265423757497202,14.6488356566856
0.790413675374399,0.407714183268662,25.8760546333899
0.0233548842313323,-0.991273460699382,-14.2852298047074
0.0642269705306313,-0.666093822505603,-8.38573307431825
-0.785655977320448,0.426092101268637,-13.2500179139816
-0.105175266353091,0.332770827156413,2.36218074851893
0.0652345329100463,0.932095010257354,15.6122884766115
-0.515058992730541,0.522075580501566,-5.04534111074003
-0.461513538101238,0.901545415462676,1.98534277940919
-0.245431673790755,0.405081003069614,-0.0595767987246587
-0.959857604444547,-0.403895582721114,-30.0548738519304
-0.355841668833643,-0.789270155498287,-20.7350940533154
-0.577103986006911,0.563647726689871,-5.9728837498247
-0.345005295644171,0.288298442951832,-4.30065574682679
-0.760475736361498,-0.903627975213408,-32.5663130372386
0.78105456147979,-0.279899068198043,15.3278780140241
0.187184907108097,0.913599630968572,18.383617142231
0.358204638288979,0.000802291420402446,8.96715032853052
0.578342477214677,-0.134541727960591,12.4404360109581
-0.00311560214188544,-0.084600789681412,-1.34690189876832
-0.826159423825153,-0.582234551989673,-29.3875038754739
0.0742130836370956,-0.26258565827041,-2.08345778312875
0.173682236041758,-0.260373488025647,0.436453580659255
0.49087894836866,-0.895289959625055,-1.15737568515933
-0.136680907540641,0.535135257035837,4.61000616702152
-0.744839394408872,-0.166991136192242,-21.1258519031054
-0.432448188402551,0.644359773632847,-1.14580810557108
-0.27383540720273,0.700696002239791,3.66455485352862
0.291834482663202,-0.576011890602684,-1.3443162924602
0.141556609337824,0.314706964340257,8.25951969854945
-0.287806548204308,-0.0554363916740366,-8.02670958021824
0.973030497585959,0.76031347584297,35.7304645772935
0.211549638713774,-0.568518641647092,-3.23903865686202
-0.525546416528011,0.355626400620088,-7.80426440389895
-0.796435054759193,0.215504244505445,-16.6783127013981
-0.694281721631336,-0.409397044856334,-23.4979987136284
-0.508084543230984,-0.726798192697655,-23.6040864712394
-0.678637253480889,0.303279520954553,-12.4167385227039
-0.626865951897388,0.477194916264661,-8.51372505346479
-0.429809662612306,-0.3687453124733,-16.2764212524071
-0.65325280941049,0.289665208044628,-11.9863421145928
0.79353084925285,-0.209738184776993,16.6921984596664
-0.839532508676716,0.426413766565235,-14.5921062184394
0.0490227791405093,-0.601569450211894,-7.79797227466567
-0.179206346020677,0.780430005272349,7.22629142856831
0.964757233817213,-0.425180807068841,17.7412187393977
-0.775922195663895,-0.264428024487694,-23.3644752589128
-0.204288801908517,-0.8838160958393,-18.3644614853024
0.938940866550738,-0.776975575357447,11.8188880334067
0.731014251787961,0.0317238054246562,18.7512133760689
0.63414414189856,-0.464814646544057,8.88138384930314
-0.48419434591012,0.670960451484389,-2.04045187548718
-0.658224825219868,-0.970613222690092,-31.0148189708481
0.337286439848862,-0.241811902656128,4.80498245637964
0.858751978255172,-0.325308906461815,16.5891658594521
0.11352578602786,-0.961344738164798,-11.5820264217755
0.1432253789398,-0.75126320199898,-7.6883135564897
-0.440041812679432,-0.172714650162729,-13.5917650694267
0.538985866383874,-0.0142708311051067,13.2605841930202
-0.625912502884953,-0.191420505490262,-18.5191201544778
-0.352641527191513,0.0618753568241877,-7.887907827425
-0.149127122767166,0.190263349811363,-0.874227822008715
0.01522075736891,-0.980152357744329,-14.3217664319422
-0.51518053516984,-0.0718096810929922,-13.9566585956409
-0.770326350521593,0.926998481775177,-5.35318153641217
0.221240084883265,0.0380645602590974,6.10197052596809
-0.422738893519488,0.355084534917906,-5.24220431421862
0.162476442845225,-0.376272284166234,-1.58217319136289
-0.691274569451595,0.547982756305525,-9.06212289170701
-0.037719796290365,0.54584296375223,7.24464954902433
0.0651788651031717,0.0425920953082779,2.26835305720346
-0.896352926355146,0.952027646558427,-8.12840846050225
-0.326791443612159,-0.748899570474693,-19.4032796474244
-0.731170646122052,-0.966104670220838,-32.7708362063639
-0.873250059054465,0.540316423514192,-13.7265051236487
0.97992046477989,0.614311074729765,33.7126777404437
-0.355292310050554,-0.759585541758848,-20.2760908776466
0.61974889170927,-0.468834334082788,8.46120728148992
-0.490718690472472,-0.964895273266742,-26.7413963608129
0.363005444447859,-0.413382778438871,2.87439443461341
0.520455719779373,0.546283747837343,21.2056492120445
0.191277481215689,0.0359210554251579,5.32075286176958
-0.0568476228996833,-0.303808813663424,-5.97832277744344
-0.176318171705463,-0.256521410187339,-8.25577544544666
-0.302263466914009,-0.997292748569064,-22.5159779013862
0.859058288495652,-0.400398944869528,15.4704730393484
0.661238815575458,0.292917483275861,20.9247326385244
0.930053821333025,0.948388887632714,37.4771788478163
-0.751405553028911,0.694121653967799,-8.37331401620578
0.461734950407289,-0.952810070708942,-2.74877730045191
0.876680913642076,0.797121209349679,33.8738409812971
-0.63753386766868,0.566396826597252,-7.44239429275821
-0.867007465266445,0.560752247141961,-13.2639029245317
0.482241298580118,-0.084008481992857,10.7959052346101
0.148946226359824,-0.203989414090994,0.66381444763068
0.683657553516544,-0.394168542333615,11.1789107029094
-0.720455246747421,-0.868610282091268,-31.0405354000546
0.59053462371978,-0.543529273012602,6.61042649780548
-0.596745359904511,-0.506792730043951,-22.520524948272
-0.672688114268591,-0.0318458605795968,-17.2948907654087
-0.671468404138014,0.494888813193388,-9.36337790554953
0.629149440462764,-0.0523803432041068,14.9430308635075
0.3303944413924,-0.884311101105679,-5.00480548177518
0.0461308495382386,0.915579601976408,14.8869652681021
-0.282339031752995,0.885448638188225,6.22325377899849
0.754401081626217,0.570379086296817,27.4157133351077
-0.215109785154729,0.982655803128441,9.36209241805839
0.633198878943154,0.0889646656005258,17.1644419575867
-0.121730182859563,0.925536700506412,10.8397959361071
-0.246111141150185,-0.848789918766498,-18.8846273102521
-0.0746404286607871,-0.268638503477257,-5.89558826867854
-0.397244251671716,-0.549237463986468,-18.1696682515899
0.495218760352502,-0.60833383173146,3.25546153284066
0.0054407801849583,-0.718394102214648,-10.6398920285958
-0.535574609706365,0.244827283131993,-9.71695599567924
0.799149146549137,0.56264371149461,28.4183843361476
-0.232217557253577,0.156596798840721,-3.45648694872861
0.0871057222279772,-0.706074580823581,-8.41347565665428
0.812944221929094,0.622247539866942,29.6573186462315
0.248475991827984,0.271909414327457,10.2905410106115
-0.766203918583272,-0.223668587746009,-22.5101267807719
0.87966424722695,0.348260591072126,27.2155150467556
0.255416106142836,-0.480190041514334,-0.817447969144122
-0.330188770685828,-0.309615583011579,-12.8989530123194
-0.721455854673225,0.83497168626398,-5.51182107287093
0.588050378540592,-0.418990988657159,8.41639463365741
0.240145511857027,-0.0600234636841268,5.10328584116377
0.066922183952643,0.780282274792029,13.3772887206965
0.787785166101915,0.415442700535055,25.9262696605737
0.577194422449061,-0.875593547670594,1.29595734616762
-0.696650240534498,-0.705393911442059,-27.9971646849933
-0.376555864408904,-0.984316818456166,-24.1786488870651
-0.503021720371069,0.261843580458327,-8.64788930240181
0.487892585145354,-0.104653149179163,10.6275173909464
-0.932935130528441,-0.731450298195449,-34.2951327361428
0.139779369742633,0.915868242113541,17.2325078752689
0.524917371481381,0.0593194478912398,14.0127260054031
0.753531273523499,-0.516213411774222,11.0950806614741
-0.315836502568185,0.0012071423094151,-7.8778054295634
0.642514609344026,0.359240665470216,21.4514752156539
-0.778736526089586,-0.847521564052871,-32.1812366130327
0.692904583469036,-0.450592369904216,10.5637290381627
-0.745022675336035,0.613930981767987,-9.41660215688107
-0.205425418879265,-0.0806702591946775,-6.3456893599018
0.594590731559107,0.0931542840645898,16.2620825499465
-0.700165145302452,-0.134367995581061,-19.5196485662772
-0.541497209534717,-0.91220011471399,-27.2204319590778
0.444505136786133,-0.668500440359688,1.08512181425799
0.440073073092149,-0.108916722516218,9.36807598956045
0.282295265770595,-0.581629069184144,-1.6670543934973
0.3878968889342,-0.900041942680643,-3.80320691685464
0.0854488866951923,0.687299328103647,12.4457120889345
-0.496401882186094,0.962385058328232,2.02572882027111
-0.308608012992161,0.586285747993479,1.07908589509815
-0.636804566397149,0.707569843409334,-5.30656650878871
0.816901122667257,-0.516045739365909,12.6818419761928
0.166783589532241,0.9212539510264,17.988399003702
-0.19829716647272,-0.606148591093143,-14.0496580282152
-0.0759883927117346,0.902859620723665,11.6431844930616
0.894566679223631,0.989638587931902,37.2087457995693
-0.69329719376784,0.423445611492097,-10.9807456718145
0.172459664033594,0.962287463583644,18.7458035545945
0.011777357768932,0.139079559134207,2.38062733123641
0.222908470869296,-0.480916433647819,-1.6410347329849
-0.963779632358319,-0.126008228668758,-25.9846142389893
0.744247817888303,0.187121870757572,21.4130235085712
0.864236564967225,-0.85383687594597,8.79836098499107
0.130266367178418,0.244686529234492,6.92695711797783
0.393301647753785,0.962355673524589,24.2678762967134
0.844998762354591,-0.619784700432545,11.8281985523766
0.414477268626797,0.585190232576767,19.1397852043214
-0.694921914171477,0.815797587559239,-5.13608404089835
0.152576720333626,0.887403185640442,17.1254657929473
0.213430092765712,0.920271208810894,19.1398204513062
-0.151738657395228,0.0429192774429439,-3.14967727323654
0.472888471249446,0.954615815983007,26.1414490209813
0.86873402953803,0.514620414268878,29.4376569524839
0.851137025813553,-0.676657127526076,11.1285687324477
-0.0983212571917358,-0.04619978706406,-3.1510282357543
-0.773523908318489,0.436662350744008,-12.7881624468021
0.969682397924669,-0.505319368361833,16.6622694226892
0.677796172891868,0.281230367097775,21.1633598287633
-0.750674637593466,0.333200958093238,-13.7688515684381
0.841683765234745,-0.674600512382868,10.9230864451256
0.739792724124257,0.130170624905513,20.4473774766891
0.0376761142521442,0.543253821957215,9.09071018566184
0.182550871489858,-0.00220867092811616,4.53064172332472
-0.201994592259739,-0.975793766447785,-19.6867713032103
-0.890476722355937,-0.981923061841416,-36.9907639865197
-0.329605516708198,-0.285941312059976,-12.5292575986046
0.605706897196023,0.852388136863564,27.928494482854
-0.990735953990794,-0.542646440792782,-32.9080954616616
-0.333001656617712,0.268727377743374,-4.29413074929218
-0.203662612818113,-0.555848258613359,-13.4292891996532
0.0747912058758458,-0.356660020680903,-3.4801201633174
0.839711232825521,0.696084179202968,31.4340435086825
-0.307308011268077,0.457722884539894,-0.816857013603531
-0.306093596207545,-0.809201445373579,-19.7903615857923
0.475002496219497,-0.142595958027133,9.73612303508043
-0.0955641182203857,-0.941660472709471,-16.5140100461517
-0.550790354120036,-0.038219706793982,-14.3430544549106
-0.0951209677346132,0.324868023402136,2.49499615766671
-0.7182859592404,-0.762994752803697,-29.4020702730655
-0.647226026987553,-0.422230122181669,-22.5141025074139
-0.00326445452104052,-0.204326748995686,-3.14651259796131
-0.162149100990904,0.839062049312099,8.53220321490889
0.8296918021362,0.986510030845928,35.5399455160939
-0.275212201766734,-0.910177402008768,-20.5329660742999
0.161176700556087,0.522015846990784,11.8596552187639
0.264528575839061,-0.256551867195314,2.76493638804682
-0.973811086823333,-0.21508362754104,-27.5715315836989
0.327074744033421,0.508529946694045,15.8048178012462
-0.643928066260497,0.836852864290817,-3.54540869215017
0.92214063493891,0.901857189005097,36.5813737085492
-0.702674544493774,0.154245172076642,-15.2531860311947
-0.170751752545953,-0.285757681398994,-8.55515903463373
-0.829300663842712,0.575098171717559,-12.1060440203044
0.993748503691895,-0.497997233475399,17.3737540901664
0.00439002066248517,0.128148057667036,2.03197138156766
0.190770034640088,-0.282843076950254,0.526604711748385
-0.865847045223145,0.313262147415752,-16.9472439193423
0.499920940798356,-0.519202174212986,4.7099909067641
-0.580188813808828,-0.616814108530348,-23.7569319731759
0.796108578881427,0.836478173350874,32.4498870722988
-0.589720719035986,-0.796392634100926,-26.6889074874135
-0.618624558672667,0.0119158154698633,-15.2868767347687
-0.92690066430381,-0.558294434073982,-31.546933118705
-0.0558661097800015,-0.922140073348665,-15.22875384473
0.129682266525233,-0.927962363417147,-10.6773787881264
-0.868582721143295,-0.649556455788345,-31.4579148654076
0.551055233390021,0.733540709012001,24.7794914699305
-0.0934223305039448,-0.435042512045947,-8.86119594328782
0.0487805386551601,0.900918341150591,14.7332885836379
-0.118474506123544,0.163244585978387,-0.513193863412787
-0.198473878249348,-0.126771620462468,-6.86342126317072
0.119280662616436,0.160177669338909,5.38468160549453
-0.689519508138575,0.0333967704525355,-16.7370361466763
-0.636143739009458,0.51755250751465,-8.14030586251669
0.723571242027035,-0.435007868054295,11.5641630298614
0.892230924267265,-0.293899216799395,17.8972848546907
-0.253381367440494,0.788188605066501,5.48829488998517
-0.458510653712892,0.892913026300811,1.93092905168985
0.287999086478032,0.785116454972949,18.976723986545
-0.182531657803807,-0.161104012085373,-6.97985162637577
-0.94922728867931,0.560731006013763,-15.3197171267763
-0.687694805267619,-0.0473285333978024,-17.9022981326575
0.431944457694795,-0.00492029570779562,10.7248070067529
0.317847883820303,-0.590639781885432,-0.913399632773913
-0.945808014993033,0.182260606517033,-20.9112912770703
-0.556055676134101,-0.627728204493304,-23.3173149707521
-0.537850406823857,-0.336870601865612,-18.4993191985806
0.343785487197457,0.71006040323987,19.2455432285345
-0.960578924491272,-0.58584838157829,-32.8021988359561
-0.791782836030852,-0.857683429653134,-32.6598223455683
0.599832170746379,-0.861984814774367,2.06603204704396
-0.642910675891333,0.881569041006216,-2.84923128219008
0.305492215703749,0.0138408759236692,7.84491853144877
-0.523634437906547,-0.181175856365963,-15.8084987931531
-0.80111721448131,0.621757162015837,-10.7015729317952
-0.513655618001092,0.671651855821032,-2.76661261271182
0.444533863711318,-0.335617933768791,6.0790775862511
0.711392936212571,0.38723611494759,23.5933651295281
0.660439729133983,0.542245631703773,24.6446777039062
-0.20563294076309,0.309301373731909,-0.501302913098623
0.336170273141292,-0.696809850399801,-2.04789092746471
-0.590031409168358,0.751766167034114,-3.47429272369724
-0.413704539477973,0.0781891054720174,-9.16977690486907
0.79267163704224,-0.435055147259993,13.2909637171561
-0.973996152978528,-0.149543629124612,-26.5930582613324
-0.828982938291064,-0.924857819202185,-34.5974407453094
-0.584227489707945,-0.744266397555165,-25.7696832060261
-0.946935592252361,0.531093501031722,-15.7069872908332
-0.637129129820405,-0.999976730489268,-30.9278792028491
0.166083121939384,-0.166868343035416,1.64905290295337
-0.157150898815004,0.0450203621711769,-3.25346703780745
0.78534342215395,-0.890731159998055,6.27261815387791
0.634887123476882,0.946156325944666,30.064522976092
-0.316365296604248,-0.547749337500656,-16.125372477616
-0.481153133137415,-0.391602560727438,-17.9028667393469
-0.240615183665466,-0.392114975489945,-11.8971042239858
0.180589885029615,-0.5391666757653,-3.57275301073912
-0.463872718354247,-0.997052355827377,-26.5526032962668
0.248297815698268,0.458689588175993,13.0877892150966
-0.181176695617519,0.933690999598571,9.47594760354058
0.10409436170396,-0.55141303342991,-5.66883645884964
-0.127746941729367,0.326094383606845,1.69774221086851
-0.411068480916165,0.48379265391743,-3.01982221414266
0.896906613924313,0.696850758181049,32.8754267208236
0.527211588319522,-0.154741605972782,10.8591656183963
-0.719773648467095,-0.394138188719142,-23.9064140424645
0.736935951795826,-0.349409731953938,13.1822528155866
-0.0251376035009727,0.425242666197026,5.75019990543107
0.789104453788183,0.633558933011272,29.2309953398737
0.59971051189463,-0.636772064486795,5.44118183006384
-0.149572991061533,-0.25811798368447,-7.61109453180537
-0.955061383359765,0.8038803934983,-11.8183286815196
-0.462645281230108,0.613387039389478,-2.36532643991052
0.0832684293217338,0.969716805524952,16.6274628159176
0.266956439652295,0.508496519364162,14.3013587817698
-0.484224629133595,-0.213609597944155,-15.3097596975022
-0.721287851854352,0.181275667989276,-15.3130612765197
0.669860473598598,0.322028508494641,21.5769394673846
0.968804361407104,-0.843088367365752,11.5737835246913
0.0513803646053717,0.0889939182077302,2.61941788825024
-0.656641428303393,0.418641656945219,-10.1364108534065
-0.455385346961262,-0.665357391997879,-21.3649945539997
-0.963218646905067,0.561263434851114,-15.6615146498599
0.828597613120998,0.167545561028223,23.2281237434483
-0.764497834219718,0.904443571395189,-5.5457922845651
0.153032951028507,-0.915155403586217,-9.90150727808057
-0.451889558625588,-0.469347724889066,-18.3374548389757
0.108356005031587,0.203107758599648,5.75551650478439
0.302840776703728,-0.406880175588139,1.46781678377113
0.659483607414403,0.428848328142484,22.9198151074973
-0.587157456478794,0.518010565043862,-6.90877793631191
-0.978008342683039,-0.794968071867051,-36.3747296450817
-0.726228739862385,0.0277089284135354,-17.7400845703566
0.80003728369621,0.0177811111821118,20.2676487601369
0.74778015512503,-0.261438459568918,14.772926984592
0.194826204340617,0.865849725139344,17.8584009856056
0.201033720867307,0.655012639746442,14.8510326178793
0.330073349092511,0.394418763819274,14.1681151846019
-0.649257442753101,0.428653271469995,-9.80163699677759
0.82882389184992,-0.0765677123737618,19.5720816106416
-0.162458950215854,0.841989042193152,8.56836187750093
-0.233722943501005,0.389190854506571,-0.00521076992656599
0.0378354105656751,0.457962123311633,7.81531711381637
-0.90606806644989,0.723381807574691,-11.8009745476269
-0.667433262487841,-0.451856821315618,-23.4636838819303
0.476067232852741,0.614141807733406,21.1138079373196
-0.834402664149747,-0.609518794087016,-30.0028485150489
0.206304218932776,-0.309316095510224,0.517864040666045
-0.509301780637358,-0.328779091460315,-17.6642308878387
-0.221408771916047,0.957050936778281,8.82054475377305
-0.4226125264586,0.713074447495854,0.130803550972798
-0.288654567070102,0.402339723180519,-1.18126832904475
0.438091810368491,0.45411352323078,17.763998107674
-0.40575656875365,0.124145588805142,-8.28173038676412
0.132809280593794,0.894181334217038,16.7329520281004
-0.0478991956018007,-0.00748249423527692,-1.30971730357417
0.327342330725296,-0.238964580260211,4.59908956422924
0.873659478649516,-0.673929326136818,11.7325470741856
0.465144194420501,0.572411304522116,20.2147744283443
-0.570119242818486,0.468887864151183,-7.21966310819442
-0.937633729877431,-0.23128992295173,-26.9101920912117
-0.47547191140035,-0.949613172081541,-26.1309953662319
0.19015586140051,0.677994655436021,14.9238163665531
-0.897148373031499,-0.977164033091853,-37.0861698221653
-0.00726750559752731,0.407399559258102,5.92930574893335
0.193685697833778,0.940514219452114,18.9498557376262
-0.331512218366078,-0.124677343703593,-10.1579656147059
0.541824407491644,-0.530053190008094,5.59481233716968
-0.786803493732456,0.409742020086763,-13.52395704201
-0.849724436528382,0.63425628403117,-11.729266652742
0.456377512407207,0.0928606321556946,12.8023472925156
-0.00901736758760308,0.934070550512292,13.7856240679943
0.376804792855472,-0.896662556684078,-4.02981852887437
-0.130345322792508,0.00959119660905627,-3.11476512067684
-0.507195933521786,0.4369078946451,-6.12627991836816
0.638204635348399,0.725280942298358,26.8343300181854
0.598831757937959,-0.64148877618442,5.34846230568266
0.389392941708854,0.600006963527363,18.7349279956318
-0.455709725540075,0.105414151437091,-9.81153086694551
0.180461333738174,-0.206892636020074,1.40814380315325
-0.278052206119946,-0.736569942841813,-17.9998542956259
-0.816835853346732,0.730591517817825,-9.46202356640092
0.834627150924486,-0.685453583640569,10.5838750185036
-0.726362738162077,-0.380424281581802,-23.865432677779
0.900474707641605,-0.419908936075126,16.2132336499132
-0.107988454084089,0.742828068381709,8.44270967362342
-0.629734142322761,0.345405988417796,-10.5622637318021
0.0838018947567163,0.593362794382745,10.9954892846591
0.745891671752817,-0.499064202415002,11.1613287575954
0.464449772819122,0.249748199213998,15.357467308688
0.613122295722899,0.143491966287497,17.4804368873849
0.317566733421435,0.665660753576542,17.924079639184
0.384553129035705,0.812174120962521,21.7964400403304
0.698391303130639,-0.975686457045226,2.82448572258757
-0.500663982281628,0.348039838117585,-7.29600198527692
-0.021150072713719,-0.896328401760542,-13.9736778442511
-0.557581116360796,0.0977173301547118,-12.4737679566992
0.975336015993294,-0.424734541912644,18.0123822711427
0.888118679373227,-0.386446800955718,16.4062649699949
-0.921146377262988,-0.294082993095287,-27.439904328004
0.411150345031377,0.24258489809922,13.9175320972727
0.850496634831332,-0.331900068662462,16.2839148408464
-0.638849309745333,0.465398101180561,-8.99026122592491
0.135890461105259,-0.190945228852261,0.533083094847564
0.830976595176084,-0.863293599380083,7.82501088870085
-0.932108042828402,0.567519684968214,-14.7899057961868
0.39484053449368,-0.428483350814588,3.44376310012318
-0.405301985254898,-0.134466240801475,-12.1495432433946
0.848792390753061,0.370887766443803,26.7831262654836
0.942116490330736,-0.335087685702576,18.5265969727297
0.888532978226868,-0.886828687706569,8.91089414007316
-0.0515715666850725,-0.252157905974373,-5.0716577567424
0.724085301978627,0.888897165388607,31.4355900302948
0.689098797070141,0.283468794597116,21.4795018457103
-0.361799053513489,0.342958297334414,-3.90060187782101
0.657830948301355,0.26456430727528,20.4142383166631
-0.925984730569015,-0.602015722081126,-32.1798540954423
0.192539756964106,-0.16333227179544,2.36350984717106
-0.539982325424594,0.501879596726637,-5.9713641847153
-0.758866228445442,-0.797254204893682,-30.9304687845413
-0.846093596741582,-0.444294447820575,-27.8167566358482
0.39257755175628,-0.447361783068293,3.1040120478826
-0.320250072463868,-0.135962144810988,-10.0456839837615
0.449533543057523,0.96073748188437,25.6494008047036
-0.869287318402115,-0.864994906632356,-34.7071065595382
-0.369419324338779,0.0374019887611901,-8.67445327705163
0.0789825847506744,-0.641270635975579,-7.64449492086683
0.581446329677927,0.941353090819488,28.6564546042405
-0.36249499413586,-0.773392990545072,-20.6632697115726
0.251782752874018,-0.192797995276818,3.40259889269819
0.771955496472374,0.475769969669212,26.4354369568475
0.231726376364609,0.409108856054891,11.9297922499386
-0.534081050492732,-0.154542726212135,-15.6701671555003
-0.951198436886924,-0.306951664094564,-28.3842358835916
0.74019774780186,-0.204775242894259,15.4333150516326
-0.957461178299226,-0.471447473682721,-31.0082415627215
0.749403345368399,-0.5893341225864,9.89507179541397
0.057874268054424,-0.03392060488222,0.938047628127299
0.878135397025792,-0.462932487864785,15.009397607673
0.597566471547331,-0.4250766702055,8.56301173560077
0.995868221066675,0.313512126949114,29.5993874309036
-0.29857636909658,0.937074663399784,6.59171072358227
0.534376577862254,0.20727440111875,16.4685304633376
-0.196138172781516,-0.846041065870067,-17.5940703075889
-0.0402487593921823,-0.848832772291866,-13.7387105691825
0.25501092643674,0.902846441691132,19.9179697862855
0.747354228372678,-0.405418419385333,12.6025794185369
0.96816693839859,-0.815866027835049,11.966183042439
0.536546827729036,0.198089174300763,16.3850083077374
-0.164466435665332,0.247297556580532,-0.402197542925329
-0.15728599544586,0.297009640237376,0.522994717414154
0.475164603177783,-0.465195944284917,4.90117591517081
-0.522445708463395,-0.96977863157105,-27.6078221851506
-0.779051773737211,0.930030738908944,-5.52583325979611
-0.290755684718447,-0.498213908617795,-14.7421007472281
-0.425522016691837,0.352052576105095,-5.35726177571949
-0.40738375908802,0.413259739757419,-3.98569788083921
-0.53278449790018,0.220014834158971,-10.0193899351199
-0.915813620727276,-0.374185211572704,-28.5081186917725
-0.964252130533172,-0.457807492471868,-30.9734156504073
0.975444779472063,0.195336565405406,27.3161679678827
-0.144453732528275,0.732191267223383,7.37152569514386
-0.231346705680637,0.893467457846791,7.61834422568595
0.35929456538614,-0.788188391192485,-2.84046173323378
-0.563492224269872,-0.69034277480456,-24.4424472288152
0.899922367900451,0.889472517566159,35.8401469610037
0.572690028831104,0.473070456669585,21.4133075708214
-0.821177995375481,0.765987649659546,-9.03963513949383
-0.164838448430143,-0.594734731729314,-13.0419821866933
0.758236615124329,0.175171742218804,21.5834915113903
0.889464044582821,0.402279188834947,28.2707889470947
-0.0651969775002605,0.360223770893945,3.77343212590267
0.226822778421415,-0.183696618266604,2.91512018653633
-0.66593210781585,-0.969210216617383,-31.186455944657
0.982337252273953,0.165852113608526,27.0462130109767
-0.536656597233113,-0.493796921640782,-20.8233687554396
0.885463548270251,-0.0994915077142193,20.644216091043
0.299293297984737,0.915162030167635,21.2097629021329
0.215473589757718,-0.201929364715131,2.357899273216
0.0253770220330172,0.679603213328853,10.8284737507582
-0.538660376564483,-0.622918788501498,-22.8102912416345
-0.646943935988983,0.344920996050058,-10.9997834589737
-0.559027581859649,0.954013908877887,0.334519086677073
-0.627123475711491,-0.796213798254126,-27.6212938665992
0.559168947133507,-0.983360115545616,-0.771178054846574
-0.29974948166654,-0.132834414734771,-9.48625326268506
-0.884314646873207,-0.814749033897266,-34.3291016802892
0.938205260281623,0.496768699352463,30.9066619973275
0.767571769926851,0.829097327697118,31.6257541636281
0.855504566390426,-0.131958054582482,19.4082433410234
0.989815645292871,-0.482576715689118,17.506740396985
-0.652209501561025,-0.13119336198678,-18.2731379688273
-0.207515962194682,0.446895635700002,1.51553548063297
0.516476951408183,-0.981891676839258,-1.81645136738431
0.392041236107584,0.178907978969394,12.4846505872305
-0.69220818732029,0.226583369774758,-13.9064541363859
0.631666249981236,0.275376493791871,19.922303656409
-0.551118856326679,-0.515955840038246,-21.5173090087407
-0.552364770354754,0.428105446756254,-7.38753755752504
0.0739488457868271,-0.817217027336447,-10.409534265376
0.185879869683406,-0.601459327066398,-4.37489316391082
0.160172415675622,0.754940093308964,15.328411791525
-0.81702632520449,0.477446301453133,-13.2639636083153
0.754921725260761,-0.972508891977309,4.28540975185938
-0.468799914822588,-0.5032474792604,-19.2687100594707
-0.740970157434392,-0.571187034013671,-27.0920594460649
0.777496159737954,-0.458387343926055,12.561593834558
0.911302996459507,-0.504880459440227,15.2093680198843
0.724255234530901,-0.874947408514309,4.9821697355579
0.619032149449756,-0.0821189668063593,14.2440192341485
0.310483961278043,0.46546694957233,14.744103275536
0.101714741218279,0.213463449434873,5.74482027198006
-0.82602648017718,0.34574333719616,-15.4645119464871
-0.183093573858603,-0.837701642927522,-17.1428639903779
-0.254622965975372,0.902981420353574,7.17914715591932
-0.480492432479348,0.67698366768605,-1.85755579669295
0.44684022737717,0.610180636991325,20.3237152392991
-0.00824852984245839,0.645967610083535,9.48330090519157
-0.837907568184704,0.865421016265523,-7.96637396063476
-0.559633596100377,0.0885079322273954,-12.6632209190985
0.366517527319192,-0.599435964264748,0.171398719008574
-0.8477382810194,0.233567215705082,-17.6899487899088
0.702413828097537,0.485762987335878,24.8467905124766
-0.00970694597205135,0.475834786708051,6.89484815131948
-0.038826845346704,0.0428980483337602,-0.327200408661197
0.184815569319035,-0.863082561332844,-8.32584918701678
0.649361931850298,-0.257774123139744,12.3674364491613
-0.304381584195614,0.841533216926715,5.01345864901037
0.356032305118127,0.168897819514852,11.434274920676
0.131463927991582,0.0766638865114269,4.43655649746096
-0.465943459661157,-0.462292971235613,-18.5829810600631
0.757259972710316,-0.263102160166842,14.9849669152553
0.594852043213856,0.790692178306339,26.7316837549415
0.316903669316851,0.332926095053671,12.9164831587263
0.701163458188484,0.574774053504666,26.1506972572821
0.734588401919605,-0.0913091538646897,16.9950727400198
0.41672595343007,0.260494438912316,14.3255654194365
0.674026656727344,-0.503232782513585,9.30217468047983
0.394942923338567,0.410921660566973,16.0373979919688
0.360281543520601,-0.144797332593325,6.83507859911514
0.237222756430369,-0.114908970370509,4.20693435520158
0.505433279115282,0.298644649153763,17.1155017151885
-0.682789789413853,0.872561242937853,-3.98132609127852
0.761741518397857,-0.871987306782758,5.96372835820505
0.743687055490464,0.649486474694015,28.3344735076718
-0.941505433930882,-0.415233779175614,-29.7661425359062
0.651633501129525,-0.112161090987244,14.6084211634295
-0.74226026505311,-0.956173342449982,-32.8991067630775
-0.329762291481716,-0.397907844331374,-14.2126749520135
0.487016512583216,0.00526248526026096,12.2543500934843
-0.678480207903384,-0.887647845305122,-30.2767228771614
0.635934048238124,-0.0178085412336697,15.6312230874481
0.664268355915484,0.854221257716855,29.4200277636399
0.0149354675216724,-0.78921356378439,-11.464816768724
-0.987228256566333,0.528881456151009,-16.7474845718932
-0.425923733650174,-0.180657893248015,-13.3579617399746
0.233853836751484,0.310347429048676,10.5015573545173
0.962372356054847,-0.479526804029541,16.8664068409281
0.263627054033337,-0.681015474917283,-3.62455577292583
-0.48039283787168,-0.679074771457547,-22.1959425186552
0.268011406199223,-0.859016108713711,-6.18495647572509
0.0799707594317109,-0.628706590197514,-7.43132986716994
0.559690790302287,0.328438769977937,18.9188513072262
-0.786038722346083,0.763381223687016,-8.20024970334684
0.522055805004056,0.628251371182324,22.4751656928363
0.0825331573522206,0.370268619748968,7.61735823004004
0.925984007717989,-0.779136273177795,11.4625560952828
-0.316255667922628,-0.4216251074081,-14.2307683091872
0.265243786267896,-0.380386249355062,0.925300916371476
0.864056211020035,-0.500086107204758,14.1001136674295
-0.794980544018641,0.0300113194194462,-19.4243438091743
0.874456974472902,0.0711076297593451,22.9280388082127
0.375771444601627,-0.28622804965778,5.10086537017397
-0.864325881789656,-0.292421682527128,-25.9944722826483
-0.398072866106367,0.657111195812163,-0.0951537154767479
0.416344177290563,0.578585696639371,19.0873898818546
-0.865298797062457,-0.384408336638509,-27.398594976139
0.164340920352547,0.827576887746519,16.5221763250114
-0.308233886094087,0.905630034005012,5.87860335772302
0.241831035534954,-0.346514915939918,0.84805214927508
-0.908515932374974,-0.29115010241389,-27.0801498455827
0.743073612304753,0.0112683068439177,18.7458649102776
0.946977938354794,0.882241625067347,36.9080728348801
0.937755710571383,0.752638866284623,34.7334757585539
0.499303663485849,-0.79486407483282,0.559630464653928
-0.739827519738736,-0.214538513457168,-21.7137656953259
0.516526391858045,0.106742379499544,14.5142954889443
-0.950826167082397,0.00626494510308007,-23.6766800005137
-0.955752896942005,-0.612273864126215,-33.0779303854434
-0.352779561700918,0.717633542336309,1.9450140925217
-0.0227136191906685,0.353881565993675,4.74038301013841
0.540814835615586,0.675816749703607,23.6576221359438
0.36659075321301,0.717528558698944,19.9276972108094
-0.108194587246503,0.49671170733148,4.74581092880961
-0.452746667436668,-0.121578797500565,-13.1423486484252
0.994249000315422,0.221093510030849,28.1726276583483
-0.147637395528054,-0.679269187760514,-13.8799727046091
-0.097225951340649,0.347290834949815,2.77871374073101
-0.672752357616662,-0.641493488521439,-26.4412112682381
0.589619097499859,0.387899181020314,20.5589651528012
0.387364451562977,-0.540803678492063,1.57205611169349
-0.558460774422479,-0.76489739969956,-25.4349803560554
-0.835237908768315,-0.669431019714085,-30.9224130149191
0.360998604149426,-0.996015729561859,-5.91527083969224
0.30902242856227,0.43747923570706,14.2877492496627
-0.453480946003581,0.464802098116758,-4.36499217833816
0.901727124500821,0.0298666998265189,22.9911786099183
-0.6978842164382,-0.677274397889233,-27.6062213792935
-0.135330397914796,-0.832891324978621,-15.8766298225492
0.887231840335198,-0.961742067125426,7.75466500149855
-0.160545366147755,-0.668503646069559,-14.0411888447373
0.277051895328171,0.781711069966293,18.6519634326987
-0.204811204074411,-0.516926316596636,-12.8741748508098
-0.45156959530266,-0.291457345565569,-15.66110006605
0.967955295919656,-0.789309031037334,12.3592469324314
-0.181331987369914,-0.555277390503659,-12.8624605418027
0.788198407358269,0.0384491415604102,20.2816973073629
-0.540090788217828,0.215505366191305,-10.2696892125761
-0.573790591949833,-0.509295371667578,-21.9841953737595
-0.937731834230977,-0.884535681549766,-36.7113310790209
0.30333365075177,-0.217934261745203,4.31432734261621
-0.262947312552478,-0.531593258147332,-14.5475816860219
0.728716499679274,-0.560892153540396,9.80453018887591
-0.0535801866168857,0.919725605426911,12.4563794159815
0.936386855829443,0.232600971851448,26.8986859735078
-0.628948968593758,0.113756886344192,-14.0173709196811
0.737246335911222,-0.168449792953356,15.9044115034802
0.553193705583483,-0.142111333139711,11.6981726424914
0.541843689288104,0.0818100076761616,14.773242347345
0.689566456233775,0.392859614072214,23.1320556169276
0.522047981885998,0.404292192363659,19.1155824326048
0.252440643262831,-0.656612184589101,-3.53816668726574
-0.737510244635225,0.000225504153253953,-18.4343735535818
-0.934947641017496,-0.176083809931796,-26.0149481744143
0.841695695631374,0.741053932538768,32.1582013788659
0.233300629041476,0.262837842436753,9.77508336258819
0.593074581952353,0.0650081328319636,15.8019865412883
-0.0369552969748999,-0.769210715642165,-12.462043159005
-0.765383622075211,0.211275778646823,-15.9654538721779
-0.749628415594899,-0.765592188639533,-30.2245932194655
0.371130574457943,-0.325586848868496,4.39446162842113
-0.139388210201075,-0.714316070371336,-14.1994463105969
-0.598950546599327,0.384147294048738,-9.2115542542521
-0.0168109065171262,-0.587495772327695,-9.23270924784358
-0.871582125849732,-0.216281253623948,-25.0337719506025
0.163942803828798,0.791349555237557,15.9688134242833
-0.462013191129805,-0.591367233202059,-20.420838276276
0.595118201274376,0.0156101279175582,15.1121069506228
-0.379276082152852,-0.161456677667956,-11.9037522188407
-0.0895597018363976,-0.963751917908541,-16.695271314538
-0.976758920183799,0.585516227145626,-15.6362295974106
-0.855106224410882,-0.861908187370801,-34.3062784208341
-0.21501288718663,-0.0514899580460928,-6.14767155035715
-0.040122330565753,0.1213565898779,0.817290584024674
0.200041096238607,0.256852913229174,8.8538211044028
-0.416674842581394,0.377263258615751,-4.75792218529857
0.389963772253085,-0.49345523295457,2.34726581200858
0.720244794378409,-0.980042446683101,3.30548315921371
0.5597019777867,0.446887324709824,20.6958593153148
-0.920762349303286,0.0713131986951572,-21.9493607521548
-0.0389861054843421,0.672235406414498,9.10887845910891
-0.79013964316365,0.642776725801389,-10.1118401920704
-0.515909968274945,0.686652335575766,-2.59796417323713
0.973325186534293,-0.0298106800409197,23.8859694627435
-0.715008914196974,-0.332743208326269,-22.8663709798184
-0.00222369309728787,0.58311640518274,8.6911537503089
0.236311468636238,-0.0974117739414901,4.4466101067836
0.404929941088208,-0.633115607193131,0.626514419308233
0.119297366973828,0.709948039122949,13.6316547611899
-0.980458305161633,0.765119753544695,-13.0346613258704
-0.347077383512016,-0.0673804877196598,-9.6876419035953
0.0354232867694229,-0.848600545380425,-11.8434260114708
-0.824267001710333,-0.224347820166138,-23.9718923452504
-0.298746137581638,0.607075318925207,1.63747634433714
-0.933593782417267,0.803548057092457,-11.2866237040448
-0.842843005689959,-0.593054515004808,-29.9668928673211
-0.206153447596808,-0.866052775949457,-18.1446278291621
-0.734568491913879,0.754700906265677,-7.04369870386182
0.135081696523116,-0.221190122042249,0.0591905824441659
0.378929938274531,0.0835219285351265,10.7260773848902
0.601173398218166,0.936131624101518,29.0713093169769
-0.59969951151038,-0.866870544171554,-27.9955459503328
-0.66503483548186,0.296636014904191,-12.1763306634836
-0.790864319331199,-0.851789154850266,-32.548445306034
0.272860499087273,-0.249062143066999,3.08558033117685
0.412951452973802,0.607629090386894,19.4382226801485
-0.936827710348716,-0.133055534488731,-25.4165257760489
0.87242449248738,0.994364707805901,36.726082929273
-0.896057432697055,0.118118569893204,-20.6296572690283
0.0825926706021409,-0.357675694728093,-3.30031865586787
0.418121038901833,-0.559777348190494,2.05636574968841
0.741938247492171,-0.298958931427676,14.0640722158891
0.428173864264856,-0.254933452480898,6.88034481940791
0.603456166139584,-0.862572644552078,2.14781448520842
-0.321099614914388,-0.260851601146454,-11.9402643900565
0.629650227493024,-0.0715229605215502,14.6684112795024
-0.83977030723065,0.445475504477609,-14.3121251136021
0.789633312121055,0.313458969443216,24.4427173446746
0.0951847523074725,0.417531310458308,8.64258846456144
0.634595539924987,-0.983272636246286,1.1157989544304
-0.0953634309633997,-0.564665200838928,-10.8540637866689
0.28715539039305,0.323368576799713,12.0294134118219
0.0528053218722264,-0.0320212636405057,0.839814092198075
0.463179043510664,-0.989373048663308,-3.26111964218303
-0.836740035938821,0.608989284863645,-11.7836616255159
-0.879295832018872,0.545619146580675,-13.7981086017617
-0.505793531979707,0.0968383259871253,-11.1922634096858
-0.680910639773623,-0.867073348447456,-30.0288662210524
0.743567133184403,0.533030099065169,26.5846298155876
-0.561572025283911,0.167427175462728,-11.5278930001569
0.951730511638263,0.563919954315918,32.2520621056953
-0.326208416457786,0.503493984791681,-0.602800639569446
-0.635764168622601,0.606004143915674,-6.80404205682992
0.579397014284958,0.0360161328092496,15.0251673492627
0.317415551001752,-0.71935096361297,-2.85487567915075
-0.00360856709372204,0.342314946759377,5.04451002404761
0.110727101875262,0.240947570103941,6.38239109844068
0.438403556544528,0.484506374398174,18.2276845295858
-0.543090517337403,-0.660237987898529,-23.480832751913
0.992667832113484,-0.610049600199422,15.6659517998458
0.949586324293566,0.780819034438657,35.451943623919
0.300651372693874,0.499955596904142,15.015618270909
-0.60091509814171,0.816456977400646,-2.77602279253306
0.360456484862583,0.517430642327841,16.7728717564822
-0.855603182041648,0.194310611980604,-18.4754203713322
-0.938694995588388,0.308265474055747,-18.8433927788735
-0.484634222977573,0.77825584788002,-0.442017856239017
-0.0747540865213674,0.157613509023881,0.495350472324031
0.736545010816761,0.264782648656775,22.3853650002706
0.454338139532616,-0.687046567992799,1.05275496842342
0.485413042399962,-0.0521575597677946,11.3529626634821
-0.149013331103849,0.432794223916198,2.76658008114674
-0.308130014906074,-0.458114603367269,-14.5749694231609
-0.257922474030795,-0.59549163895093,-15.3804364350338
0.975299127472116,-0.372346383551169,18.7972824335354
-0.919781617175035,-0.516998744014333,-30.7495215895909
0.734062992244897,-0.570174725927208,9.7989539172143
0.157350817144787,-0.150298314263826,1.67929571466228
-0.122769161620819,0.815677027767068,9.16592637598555
0.450515320830273,0.0141192934774366,11.4746724229184
-0.0266621171505943,-0.624159238369354,-10.0289415043052
0.746846476163321,-0.846056661238252,5.98031198550925
0.801403728022517,0.39231229027585,25.9197775547007
-0.156558146253089,-0.234402471127224,-7.42999072323559
-0.446344405529897,0.643661893170719,-1.50368174068664
0.184700657186724,0.31902153728154,9.40283948889122
0.824726691233382,0.592482901082737,29.5054107970756
-0.578675621988667,-0.456107921163103,-21.3085093671632
0.245933167126966,0.384717844922116,11.9190968520059
0.263120440185041,-0.471876030612562,-0.500129454562409
0.466226044830562,0.878136958900583,24.8277055042728
-0.73686462974548,0.272748563066749,-14.3303872976358
0.431649929364177,-0.350976399649316,5.52660223936469
0.818065041331282,-0.460976275415455,13.5369819020502
-0.640633782259516,-0.618146829856713,-25.2880470043386
-0.524913350152245,0.389281917787456,-7.28360498699428
0.942790188083279,-0.562568774004145,15.1312230920198
-0.63804609458102,0.190606531854978,-13.0920543867008
0.708770186739158,-0.470729946149285,10.6583054762397
-0.0154442871039304,0.323937889587737,4.4729611662178
-0.505537851193646,0.629879457081078,-3.19025442362497
0.741499802545023,0.556050486289306,26.8782523579652
-0.109389489994669,0.521702661861563,5.09080267805673
0.0296347078593804,-0.624555188615496,-8.62746013274793
-0.281533261200469,-0.823230106030963,-19.3867831204762
0.185901702869855,0.397897656974771,10.6160074263679
-0.672952254829954,-0.263305572411297,-20.7733899569183
-0.217836926696479,-0.135307547193305,-7.47553637531155
0.938824644670575,-0.937701814413218,9.40508890056611
-0.483733134597745,-0.480847101449902,-19.3060348866921
0.313473329082584,-0.932647192251072,-6.15287465670147
-0.34961987155061,0.758371545202495,2.63507638927217
0.546946251373201,-0.513206633562939,5.97555678088595
-0.7382526785633,0.114674339146016,-16.7362018768923
0.939642090157089,-0.922041358677739,9.66043187376115
-0.0924209172327215,0.333694782611316,2.6948988083517
-0.527899073307072,-0.353945308491812,-18.506656460054
-0.853006505339975,0.795838373915332,-9.38758702476939
-0.660484189824919,0.776236377868072,-4.86855907760189
0.0395478971120353,-0.349418763276504,-4.25258402134668
-0.325993647137427,0.801921791380936,3.87898569227835
0.657766731765219,0.992315346997558,31.3288984990938
-0.138224952676388,0.650831328247896,6.30684610680874
-0.50257145482474,0.689742695510458,-2.21814593796163
0.23428997320806,-0.50198252778182,-1.6724885865258
0.413554433770892,0.153404797715513,12.639932810005
-0.6659161841981,-0.865488172065264,-29.6302271859315
-0.664761567423365,-0.810164126356661,-28.771501080934
-0.926657146132914,0.997785224066581,-8.19965029232413
0.472804030131281,-0.346721501148178,6.61927823605935
0.32760905524361,0.496367824097693,15.6357437425556
-0.0507382485003722,0.613330106053633,7.93149537829519
0.688340897938394,0.716046542014458,27.9492205786767
0.611340305900106,0.995256594804313,30.2123565695674
0.170708728793504,-0.517007029486264,-3.48738722245636
0.736542561026517,-0.919298346280601,4.62408883145392
-0.588317579926463,-0.177616964010828,-17.372193958324
-0.776160761204544,-0.739838660342106,-30.5015989352452
-0.460500776966021,-0.95514822167589,-25.8397427492889
-0.88582628782137,-0.279146345717028,-26.3328523812897
0.062339056002064,0.567476502150473,10.0706239323087
0.873211384589923,0.132361382450142,23.8157053515002
-0.921312918662981,-0.374444021579292,-28.6494832902639
-0.755780171979946,0.308684010985439,-14.2642441347171
-0.0956019434331294,-0.535963639382379,-10.4295031765639
0.86775003505581,-0.97123710785583,7.1251942585578
-0.367687790046499,0.528706772872855,-1.26159315806965
0.0144696173767849,0.247486169728018,4.07403298033989
-0.916854281899216,0.52460524900192,-15.0522783124516
-0.703313598075822,-0.922123966624669,-31.4146994512656
0.973260245917694,0.674239255661304,34.4450949828619
0.930237392872091,0.239052400072607,26.8417208228914
-0.990120038131181,0.12679070142528,-22.8511404319003
0.903623570846478,0.249228096229063,26.3290107145979
0.278239875631001,0.728866493736728,17.8889942968259
0.735836589040044,0.173873013117814,21.0040099227683
-0.0905202887322818,0.161900759776359,0.165504178338335
0.0311920571585005,0.981358314131532,15.5001761409355
-0.0223068394861596,0.513460334137136,7.14423402490305
0.333728515092209,-0.115412389097729,6.61202704083927
-0.720697490487374,0.414794000065855,-11.7955272611965
-0.940052820254644,-0.221539056616423,-26.8244063556124
-0.384140116817618,-0.542249075033002,-17.7372390459355
0.409361525473293,0.193703753775519,13.1395944434651
-0.596293095754103,0.856364196227903,-2.06186445043404
0.346864866649835,0.858279040030925,21.5458072667097
0.939824092214541,-0.316189443789019,18.7527606485282
-0.812198568421163,0.05535493244339,-19.4746402238782
0.345204236450253,-0.576728202860278,-0.0208171316478509
-0.112499561390858,0.991262218997767,12.0564442501951
0.736284508755011,0.962235815735871,32.8406499549133
-0.645700421105228,0.299017859414895,-11.6572426364073
0.385251904452329,0.608828119354947,18.7637194016324
0.67623057929622,0.4302003225674,23.3587693209165
0.889228438948046,0.186316438078936,25.0254575448852
0.366496056579292,-0.893304006022205,-4.23715867585078
-0.00565047198314539,-0.0904713148946779,-1.4983315229988
0.235694480402428,0.349572604334821,11.135951075083
0.737809968957436,0.355063227767369,23.7711976404465
0.141219493277659,-0.253754763155233,-0.275834115387008
-0.939225880606326,0.883383973316061,-10.2298874154172
0.861897391013956,-0.665285935526438,11.5681457424523
0.379053502063122,0.000718892431121221,9.48712093804487
0.353026771554493,0.381767953101646,14.552188585387
-0.568649695204566,0.394271611783618,-8.30216820335987
0.317770940465314,0.297277913537631,12.4034422146973
-0.212271188691683,-0.44942357309628,-12.0481333137363
0.302465954082984,-0.687586862626756,-2.75215408732674
-0.786813939384019,0.271880653653422,-15.5921386797991
0.315690609206072,0.198604232278875,10.8713287143349
0.998827451541333,-0.641287979421518,15.3513665972106
-0.903575922278888,0.410278291141127,-16.4352236898553
0.954348368442635,-0.0896560165326872,22.5138689630756
-0.186184078554259,0.335521183206306,0.378215784238118
0.741506900674518,0.674734159540301,28.6586849099675
0.564770968116547,-0.660543142846154,4.21112706022137
0.134032521973336,-0.961710264006327,-11.0748409107615
0.476898418502653,0.558205172791574,20.2955380544399
0.757031122602696,0.219394850305232,22.2167008196459
-0.191719356697934,0.399279139244243,1.1962031712153
-0.345933676873523,0.676309949977285,1.49630732782121
0.335186771127169,0.605621869649001,17.4639973229143
0.615691883882517,0.921840293857649,29.2199015049277
0.524570269553231,0.0718701577042364,14.1923091043943
0.595627297717269,-0.0230087346801893,14.5455514227289
-0.128833370374134,-0.19622560021854,-6.16421826263145
0.635668432350043,-0.692617914311591,5.50244209407722
-0.759581889258783,0.145214465764045,-16.8113302450089
0.0889781959216991,-0.445974951348042,-4.46516937217816
-0.988482679003757,0.842615024425951,-12.0728416087047
-0.350828340199459,0.166381608554195,-6.27498437667356
-0.267076930257204,0.18568036101622,-3.8917178411868
-0.207654616781489,-0.29015067824598,-9.54362559322693
0.390934413379724,-0.896021296044585,-3.66695910617567
-0.222883797459309,-0.936512469254023,-19.6197819752931
-0.102612754754939,-0.153329711693605,-4.86526454427754
-0.524911738251345,-0.830869243805524,-25.5858321133665
-0.25349641674132,0.213693911080278,-3.13200175232882
-0.545460745473697,0.761946011279315,-2.2073284676527
-0.853608152463113,0.765829633037444,-9.85275931601615
0.206897186762756,0.318090820264465,9.94379197303587
0.336425597110033,-0.577536337054138,-0.252405128061257
0.238980692019229,0.725993662717744,16.8644222412469
-0.0730119123988553,0.772186870626416,9.75750524942486
-0.24042843964154,-0.606692830094083,-15.1111034424497
0.72666729914365,0.474852171541355,25.2894650517116
0.0381635702724361,-0.426960902145754,-5.45032427537541
-0.0416362447405381,0.605280624705859,8.03830325207444
-0.948715868387129,0.994475799807205,-8.80075971257013
-0.317504344747687,-0.939947989341214,-22.0368284588104
-0.239608762428286,0.794731731581864,5.93075691302081
-0.202354438206199,0.245261067197316,-1.37994494719523
0.160344738454665,0.946765238329642,18.2100970363112
0.0672050934537569,-0.0699809649471448,0.630412862136751
0.215810185586889,0.694775861142747,15.8168925568134
0.529766523084257,-0.875211862803446,0.11598513505473
0.625971477432187,-0.329441899843409,10.7076584381535
0.436246152452989,-0.86596692449758,-2.08335005613898
0.911047391909869,0.950686266958141,37.0364788021189
-0.963534834647277,0.633947814543673,-14.5791536480268
-0.608444028632908,0.705094842491941,-4.63467807844358
-0.984874250043716,0.875930462867788,-11.4828993080761
0.294949428309206,-0.829793027760429,-5.07315970867629
0.796061097899974,-0.228804814973333,16.4694552228993
-0.513035406847401,-0.857930221911996,-25.694838499865
0.854069089592613,-0.578413796899943,12.6755202863162
-0.879465219420878,-0.541268445924655,-30.1056571743918
0.868872053611029,-0.0617855779048426,20.7950176717031
-0.296754625520731,-0.462875665092715,-14.362000614409
-0.797158343101567,-0.798043786364478,-31.8996153730063
-0.0282564816273487,-0.665017821811785,-10.6816793678605
-0.486446864558984,-0.705448872895818,-22.7429047074119
-0.430254196076154,0.946153595824597,3.43594903546509
-0.385420070147427,0.518585013836947,-1.85672654613146
0.606051795665327,0.935522930539124,29.18413884972
0.078322553350509,-0.120519026984183,0.15027842899998
-0.377384601687993,-0.443263036674687,-16.0835605923201
0.220667566621837,0.596586394418373,14.4654850818215
0.432301348446387,-0.347492163917706,5.59515125239408
-0.454751998532932,-0.401233252589303,-17.3872987521629
-0.172901796949297,-0.534988015584338,-12.3473651574975
-0.756227813326105,-0.740642043551529,-30.0153259864256
-0.637701300930639,-0.487073877966468,-23.248640692763
0.362235707929966,-0.289360503052225,4.71548515246577
-0.637123304608746,0.347988416291461,-10.7082563708467
0.0503267673341203,-0.874870315561097,-11.8648855500634
0.418092523444865,-0.578986120669314,1.76752127608192
-0.786246153810512,0.618047280583353,-10.3854446365125
0.134624439257807,-0.706156152832458,-7.2267313110417
-0.486874432597272,-0.314709706954957,-16.8925064192562
0.92585375047516,0.72931784371628,34.0861114176232
-0.0329087065601505,-0.690149377713115,-11.1749583297005
0.611985099550316,-0.83452632876362,2.7817325573036
0.100453084312524,-0.0309240098399783,2.04746696021341
-0.913174934290362,-0.395160977442927,-28.7567880189029
0.266302751188045,0.126816728967708,8.55981971421674
0.902806684413314,0.60760978096695,31.6843138248371
0.203223640292662,-0.725703023694514,-5.80495434810114
0.63837771885358,0.16139816910857,18.3804155079681
0.768412926696816,0.0110175207797278,19.3755859791163
-0.543840456102135,-0.711842427973601,-24.2736478221574
-0.575910320183547,0.247996971057965,-10.6778034387192
0.221961977701983,-0.452719164278457,-1.24173802162726
-0.177943060386591,-0.024331362911975,-4.81354695334439
0.679722605733441,-0.835455351445876,4.46123487164787
0.800046246796022,-0.0808318855727539,18.7886778863092
-0.293157241394564,-0.387073063914359,-13.1350269935795
-0.526258882051036,0.644762422370709,-3.48503571571527
0.561051030487724,-0.886042546005263,0.73563757211414
-0.450387928903728,-0.16278545016334,-13.7014799750433
0.645228637027357,-0.083137151737124,14.8836586496271
-0.152523492702474,0.450012152598237,2.9370949714117
0.335099798582941,0.148575150180422,10.6061222172799
-0.808929372330664,0.334424674388362,-15.2068641924412
0.247718649353146,0.554098571303512,14.5044448033813
-0.0964646425255418,0.724405947316378,8.45447314660712
0.173216926350948,-0.372249006555059,-1.25331193955218
-0.663971584510273,0.0760454107278059,-15.4586084518397
0.473747489888364,0.6802161568784,22.0469296003851
0.725594155086457,0.978902261930113,32.8233878061131
-0.566520399818449,0.779038622087526,-2.47743066414832
-0.808570888959677,-0.257065474751246,-24.0702543452606
-0.952722827907327,-0.609666965562699,-32.9630751811237
0.283943000886532,-0.0212149251868226,6.78035114436096
0.214188072177562,0.483282903672084,12.6039453595203
0.09339482542814,-0.0148618584934048,2.11194275830243
-0.536105807768049,-0.033638273372663,-13.9072192947912
-0.218188008188971,0.676460842163601,4.69221242772975
0.188952670372346,-0.277192441865627,0.565930131324243
-0.00646628228166124,0.719589349623291,10.6321831873078
0.975571040429775,-0.186390398096553,21.5934200392961
-0.727120494886534,-0.343533788643321,-23.3310192018132
0.390289108095188,-0.092020177600602,8.37692503837066
-0.191362463791416,0.524893917349737,3.08934716546066
-0.14360077014877,-0.747995944272011,-14.8099584177994
0.435195531316352,-0.607161568255965,1.77246475906933
0.384872302648739,0.902889651326184,23.1651523361112
0.982511987404377,-0.649016745237285,14.8275485065501
-0.74321142109175,0.135454635862109,-16.5484659893621
-0.791780701231667,0.158628933323876,-17.4150835309335
0.448677634257482,-0.0207510758995104,10.9056747179444
0.156773834012818,0.289490497153637,8.26170330762501
-0.451678666880388,-0.540346548404763,-19.3971648980812
-0.841161262022027,0.105324535553496,-19.4491635172482
-0.828683500807139,-0.255653489506206,-24.5518898627716
0.788381749328237,0.323334519258378,24.5595615220816
-0.616265350562514,-0.717552913253701,-26.1699274628684
-0.353256875768958,0.141754833678952,-6.70509938903967
-0.546687195546024,-0.629459289233353,-23.1090692271509
-0.290007388336125,-0.442713873769927,-13.890892814952
-0.861152314507813,-0.562580399352834,-29.9675138529878
0.0381195818165407,-0.634324440262366,-8.56187705852197
-0.86477487281557,0.651421903121334,-11.8480432735692
0.600713015644723,-0.428584864678219,8.58905242094479
-0.532575836179134,0.854247563728899,-0.50068244854487
0.0800238292090212,0.939853050690382,16.0983914905813
0.760158175122917,0.142520939874195,21.1417684761858
0.301754738094388,-0.713997754668547,-3.1660978676685
0.0659155731026706,-0.250903513240837,-2.1156633710458
-0.351332493769249,0.595464526696428,0.1486555562152
-0.333996173883604,-0.265218542605859,-12.328182486178
0.33897391039638,-0.825965563394423,-3.91513569100683
0.988278722442335,0.113569821856376,26.410515388904
0.323678379698757,0.69024170299207,18.44558503735
0.11556683474005,0.591852774287005,11.7669624828063
0.461301020478492,-0.649753719739294,1.7862197158729
-0.0695887754325637,0.345529228824933,3.44321904655991
-0.87971531479843,-0.558991473128706,-30.3777549668913
0.12459363175582,-0.563584930895656,-5.33893316953934
0.91525056901076,0.74814354661037,34.1034174244246
-0.649394115284681,-0.50066209451954,-23.7447842999101
0.380009781641331,-0.473505306963978,2.39766493657362
-0.598132622681887,-0.998693218477401,-29.9337138442082
0.0716553689461625,0.741338068251035,12.9114552474196
-0.806647100706561,0.585189626418269,-11.38833312139
-0.0992581274836297,0.254657870181356,1.3384148656296
0.512326657790492,0.500531527877685,20.3161393629276
-0.304856951522036,-0.695902865151016,-18.0599667653161
0.329823448974436,-0.0833528108248491,6.99529406198816
0.590899921579458,-0.297561225302438,10.3090796599499
0.854355638958905,-0.812446947485967,9.17218676168313
-0.530715836289093,-0.0277390295701518,-13.6839813507796
-0.201368168381384,0.841479300685271,7.58798530074447
-0.695167973339165,-0.919881761898611,-31.1774257619583
0.98496700431675,-0.417078173012412,18.3680025127326
0.854001935848591,-0.584918127588593,12.5762764823859
0.0799142605611192,-0.523706692668607,-5.85774387600113
0.684066588752843,0.816869103758751,29.3547012752023
0.0419159545440844,-0.0638618915314197,0.089970490630813
0.247171376005519,-0.0674011741203624,5.16826678833255
-0.821751135767967,0.521151284910565,-12.7265091205407
0.510540840993616,-0.691015591990148,2.39828714498817
-0.74457303272953,-0.0254692917998984,-18.9963651952367
0.652135260505057,-0.140029571757881,14.2029379362582
0.564056175340772,0.193821381093312,17.008725099919
0.417489395485953,0.999115406500877,25.423965984662
-0.927679238950476,0.538897788164094,-15.1085141513005
-0.393743288109343,-0.204268593965146,-12.9076111122108
-0.473774860178314,0.655106104548094,-2.01777993623645
-0.279727185056962,-0.65858327337504,-16.8719287270496
-0.824714506472323,-0.93907262738208,-34.7039520725393
0.873915646062126,-0.591103255071454,12.9813423254813
0.107604481424753,-0.319176887771481,-2.0975412809534
-0.388951378683953,0.0211615149191198,-9.40636174331203
-0.206036965851433,0.2302582810824,-1.69704993004983
-0.105594918990329,0.821211434428843,9.67829854167443
0.201188666721235,0.0197080191009154,5.3253369545446
0.0313588553929955,0.00255128925145875,0.82224072359677
0.838783946428835,-0.899513980354036,7.47688895541033
-0.00607303418833949,-0.930176894687552,-14.1044792750218
0.984316029646625,0.102319923832744,26.1426995986568
0.702849915490191,-0.123642773503311,15.7166062847051
-0.582978971285328,0.678360789960597,-4.39906243272425
0.861190429287833,-0.67864083057631,11.3501482735512
-0.767267204229048,-0.950056675765901,-33.4325302422147
0.634899416982383,-0.101922464139748,14.3436484624634
-0.23875341304684,-0.525042886495485,-13.8444786236033
0.755948640890139,-0.900771253322325,5.3871472224186
0.736113380214901,0.449196573695258,25.1407831108014
0.611850800235242,-0.776814000085505,3.64406000459848
0.580060872614123,0.216639000015543,17.7511068155862
-0.390641721803918,-0.437900499666222,-16.3345505400913
-0.838161433897496,-0.653007899289956,-30.7491543367867
-0.194039642469677,-0.240496954161365,-8.4584453741624
-0.652950970026983,0.602891552445907,-7.28040096398596
0.389902177804923,-0.215812846190855,6.51036175226027
-0.307800546924429,0.501539298422111,-0.171924196779051
0.95122040171983,-0.749027406401699,12.5450989469703
0.281944154690664,0.545542839330158,15.231746457219
0.644961127268722,-0.526133350186703,8.23202792891751
-0.734950654516303,0.354786259777746,-13.0519724662414
0.724028964545245,0.131563109681993,20.074170758861
0.845514381026789,0.858289434423375,34.0122010420203
-0.0258761623621282,-0.225354964049372,-4.02722851979378
0.212505875501955,-0.867669622331119,-7.70239744741791
0.529619601805991,-0.961689028897494,-1.18484538831264
-0.650322745479175,0.653717121945506,-6.45231180779678
0.00513215292688485,0.0494712753228643,0.870372953015086
-0.202673944455374,0.550488103669899,3.19047294366413
-0.707252015675502,-0.531148799976971,-25.6485323915421
-0.264931155416937,-0.309832508973533,-11.2707665200264
-0.863655381229013,-0.939792255577362,-35.6882683643857
-0.948376186101026,0.922984649148224,-9.86463491530229
-0.729667421690354,0.335735813401627,-13.2056483412345
0.926230223178348,0.866410175518612,36.1519082122379
0.0990590717900339,-0.469007185141855,-4.55863098237698
0.93164432230644,0.222927222451322,26.6350163944308
-0.135004243339736,0.356999936585276,1.97989296528573
-0.376367733829481,-0.364900599484823,-14.8827023380094
0.0122837256804882,0.69621847003126,10.7503701924811
-0.12097662273418,0.894322925800496,10.3904283186529
-0.788670631476512,0.769710235392009,-8.17111225603267
0.281652629380412,0.478133951878745,14.2133250126915
-0.567923634980801,-0.445070640550092,-20.8741504827714
0.239175909795659,-0.436767915788737,-0.572120991939569
0.300402184796307,0.926720640892076,21.4108642332888
-0.695950293742704,-0.979431008128616,-32.0902224654968
-0.877300745778664,0.432099946484289,-15.4510194472023
0.56152317213688,0.412492325110524,20.2254641800799
-0.0803991524613596,0.245379081899595,1.67070741695993
-0.883672408989048,0.980217692173732,-7.38854484212024
0.989732634339534,-0.37624112847255,19.0996989314001
-0.884438878007267,-0.320056272413504,-26.9118160363842
0.390070457717106,-0.842121194106889,-2.88005646867567
0.967357850526827,-0.114403726912525,22.4678903594828
-0.521639791568149,-0.477902947530304,-20.2095390021583
-0.715501262625608,-0.313226595644712,-22.5859305003109
-0.757230121155142,0.669143580511255,-8.89359932120973
-0.393449704864809,0.870969027054991,3.22829278420465
-0.797908377978707,-0.628533855989629,-29.3757172893121
0.384322683388264,-0.254982136893068,5.78333503131057
-0.875416403739875,0.857261124230788,-9.02649323003504
0.0188442562995794,-0.876383078621555,-12.6746397718338
0.993393707705954,-0.815278943777243,12.6056585359902
0.627940539012038,-0.674418021587541,5.58224315148782
0.230438876462022,0.19042566825375,8.61735693535679
-0.387492758426777,-0.699055457988005,-20.1731508304895
0.247791672583277,0.936152762901467,20.2370832581039
0.0540829278233033,-0.106570945482959,-0.246490986661808
-0.147833232219257,0.00303592070033276,-3.65029199497643
-0.738579246519601,-0.506682768389187,-26.0647226888278
0.773208430480933,-0.058079495130533,18.4590183350653
-0.100430702357355,0.323827265274023,2.34664142017647
-0.61075497635847,0.502354273908086,-7.73356030034046
-0.264481298245421,0.507736165419826,1.00401002516187
-0.171740494942146,0.155782225388177,-1.956778992731
0.655075791133749,0.808719549987714,28.5076880281594
0.467228761122804,0.634815694612219,21.2029544472534
0.53860978728268,0.514096229397251,21.1766881230258
-0.977937471142706,-0.888788956639079,-37.7802711281538
-0.167692003640477,-0.986244075560701,-18.9859612244224
-0.0373116967293528,-0.575105445609054,-9.55937410236963
-0.961615446353887,0.327047187826905,-19.1346783414436
-0.480373582509932,-0.177605022234908,-14.6734148962719
0.52057964624427,-0.195187481401377,10.0866789350861
-0.725780588542002,0.769173776459227,-6.60690806666164
0.0706202629051833,0.791125696263677,13.6323920165847
-0.569596255965525,0.818350528107171,-1.96464847753055
-0.975758450712213,-0.372243846969945,-29.9776189723545
-0.517597084800917,0.382111625478524,-7.20825273784507
0.951747509820108,-0.456733637451261,16.9426831837338
0.603074223765979,-0.6187803338511,5.79515058638297
0.919153288642067,-0.630735085305262,13.5178059364727
-0.0242919121472751,-0.315784758272812,-5.34406917777406
-0.780527602644993,-0.140084760440357,-21.6144614727302
0.0959189779473859,0.661898342110137,12.3264495803367
-0.0912453308800782,-0.760217813054576,-13.6844004678206
0.688714165479232,0.469851694789788,24.2656295588276
-0.803834838431511,0.0629098283786107,-19.1522235351086
-0.0235177259564436,-0.424109314648015,-6.94958286863132
-0.699902670612031,-0.0143608309343508,-17.7129792293161
-0.35064814621988,-0.400115860445955,-14.7679415621863
0.474714154775599,0.192163910476612,14.7503125265392
-0.0479637412624669,-0.132312154289512,-3.18377584590435
-0.248223429708461,-0.671188941842243,-16.2734198703452
-0.211047442859929,-0.766833850888607,-16.7786938348273
-0.0811064631880267,0.0933913641442603,-0.626791117536764
0.570033087674114,0.804826066572207,26.3232181904359
0.784169377880469,-0.312084626884629,14.9229650437423
0.910669373007857,0.466000214445246,29.7567375418751
0.57380677251059,0.317322709879534,19.1050099609578
-0.369186208503975,0.863109828618962,3.71699221668507
0.376269412173084,0.641962034598282,19.0361658233013
-0.124793751889216,0.133210517810926,-1.12168603006651
-0.490658755907898,0.314060996468215,-7.55555395067422
0.681743158851845,0.79677293316807,28.9951729688172
-0.92314730207535,-0.20096243082613,-26.0931190142757
0.803523984270847,-0.346410588284445,14.8919407825045
-0.0770450707505317,-0.978377832729607,-16.6017942597074
0.274402953616561,0.653102148382928,16.6566060661579
0.318707844411565,0.60196140080673,16.9971171223901
0.790235481413073,-0.791090963799697,7.88952257833136
0.273339364334415,0.1537147622654,9.13920554234137
0.227867169520124,-0.0720366036662252,4.61613018300971
-0.86669591887862,-0.762581808981777,-33.1061251066922
0.0368160438904082,0.961136454121447,15.3374479090819
-0.699661998365917,-0.570608225073289,-26.0506733352473
0.474867537442971,-0.865531639818878,-1.11128616120889
0.024443841625349,0.189694759003819,3.45651742569101
0.360455558416707,0.477733354266065,16.1773892744086
-0.916654198795231,-0.935113107905626,-36.9430515884652
-0.830415967908394,0.317435277454044,-15.9988700358992
0.432646776125365,0.0645837519029089,11.7849256816777
-0.855831328002653,-0.793469982249903,-33.2978329338149
-0.857486544469483,-0.654952246107276,-31.2614473033462
-0.975783049530225,0.135948594632161,-22.3553473187732
0.91300279659896,-0.407284772973423,16.7157983203727
0.475016718918014,0.876631457302632,25.0248898324898
-0.293497182995872,0.637480458968102,2.22477730962473
-0.40692883742469,0.967134413027326,4.33379525979265
-0.300593540508301,-0.480658322099172,-14.7247133441951
0.549307062362364,0.939447265595954,27.8243855429984
0.322741222140829,-0.137532260416884,6.00554664726746
-0.629608864265064,-0.304962409372491,-20.314657747214
-0.651781329331831,-0.899300946061294,-29.7840474242152
-0.803208700573205,-0.894469484280795,-33.4972597785421
0.320605439402676,0.384022511893309,13.7754736634665
0.528745324443472,-0.0841420111319442,11.9565029441076
-0.469907143349992,-0.546956747927789,-19.9520298026666
-0.958110077938174,0.227940612650465,-20.5336427586974
-0.835656665047145,-0.494283763499778,-28.3056730786753
0.935720069690061,0.155263508688845,25.7219543725842
-0.409110445045159,-0.281582506034619,-14.4514987166483
0.538446295676267,0.647104453223638,23.1677241902613
0.249327137708528,0.641392321533559,15.8540632657166
-0.236120720694208,-0.0452992037551974,-6.58250607368316
-0.58862547560889,-0.298361781329969,-19.1910636101718
-0.757227163681187,-0.274880406881811,-23.0538851952568
0.230025936077733,0.611429051336436,14.9220841719899
0.549267561275576,-0.343641034404776,8.57707351581776
0.287808507082261,-0.581881252586308,-1.53300611173808
0.0606042664983166,-0.830623316249386,-10.9442430812829
-0.916097553136727,-0.0666137582311832,-23.9016452018859
0.936977555188768,-0.0357358021603162,22.8884018473144
0.597428383309149,0.681817420805814,25.1629708948159
-0.414355926598071,-0.557522607107872,-18.7217372715698
0.959940658717701,-0.2380174526632,20.4282546779945
0.203763179272644,0.616811477787382,14.3462516486268
0.164845316414493,0.647247221497947,13.8298412328315
0.496146358859064,-0.230777848042464,8.94199125083965
0.623539576180275,-0.0817519534266382,14.3622101031073
0.312957214663005,-0.393428218301434,1.92250709205362
-0.7438085072676,0.865109756838624,-5.61856632911064
-0.323464988011003,-0.762712468516839,-19.5273117280277
0.856167280652099,0.86749884600294,34.4166647063466
-0.550768776312296,0.367732903670686,-8.25322585274711
-0.255665952324973,0.0631443053734624,-5.4444842275224
-0.135846234111608,-0.934681878431008,-17.4163840292553
-0.121190020611096,-0.0488076163559834,-3.76186476061714
0.225879164989051,-0.184503789994535,2.87942227480824
0.886151675489415,-0.677562376049755,11.9903562464891
-0.51861457633499,0.312819207001314,-8.27307630335504
-0.756997247398164,0.942301814736572,-4.79040396390552
-0.605059020280125,0.12437762212905,-13.2608111750674
0.773849800418539,0.429506552887892,25.7888433037819
0.291621625310412,-0.863099094867966,-5.6559457902592
-0.42818642152168,-0.164666008366011,-13.1746506635322
0.631893877937235,-0.767283029671008,4.28810150336574
0.722739992726872,0.225591671073021,21.4523748842671
0.693028677380556,0.876964316428309,30.4801816809385
0.837853067279109,0.323555464943277,25.7996586561269
-0.495517959653277,-0.846393903371157,-25.0838575418993
0.510083857492557,-0.290667590029834,8.3920825868664
-0.07892100545172,0.101326758881703,-0.453123753067454
0.683997105780123,-0.193584487733496,14.1961603285006
0.456981354323226,0.667288020950345,21.4338541723358
0.552894892999449,0.629342009419978,23.2625024662859
0.312323675362143,0.223662040206443,11.1630224871502
-0.645142461060586,-0.25308410973459,-19.9248231725335
0.0900538377938767,-0.489327252473512,-5.08856284225576
0.969339479049016,-0.788251363573741,12.4097165226193
0.874776132994238,-0.290204633026892,17.5163338294526
-0.913652528405977,-0.173654965584561,-25.4461376939178
-0.670370368541126,0.351645850208147,-11.4845714604059
-0.736542453090876,0.316319648595147,-13.6687665983447
0.451959819970591,-0.859783720717486,-1.59776031149752
0.63557065971389,-0.209481369137684,12.747045955782
-0.572977267378656,-0.636442265565276,-23.8710656679455
0.011705385903658,-0.686374589366389,-10.0029841929044
0.6814060560224,0.654604299474492,26.8542158926774
0.465603089532501,-0.916169566567485,-2.10246626019975
0.0844744109836966,-0.161634248195757,-0.312653448343946
0.180695380917546,-0.663592688466964,-5.43650580406581
0.0167210938325599,0.758660431356948,11.7979338161682
-0.404903097362359,0.11408102655007,-8.41136203580792
0.130043985718032,-0.537238727246304,-4.80748126574375
0.377770604100181,0.00485457433275283,9.51708371749583
0.746645831721615,0.462972719406232,25.6107365841339
0.272582707958496,0.916236017838868,20.5581079665454
0.522243074086316,-0.559107991509162,4.66945697952047
-0.679856730090854,0.77236354425869,-5.410965088391
-0.0768850511604202,0.868608228334981,11.1069971460142
-0.981336760345813,0.832841089064132,-12.0408026726833
-0.506642270956754,0.27082871372382,-8.60362606806155
0.45292343022601,0.259641308869415,15.2177053886915
0.983619902698727,-0.193578733632354,21.6868165629829
-0.801643800825568,0.504795764607576,-12.4691585515256
-0.197011368277423,0.0625880367018639,-3.98646365640763
0.600141937398319,0.354876142456589,20.3266905718068
-0.591928730742202,-0.143084192302409,-16.9444811530912
0.110169898604572,0.462992928086278,9.69914138640848
0.46614259205935,0.648943035209098,21.3877103296202
0.231970900520358,-0.707127486794368,-4.80763978890656
-0.623950530769168,0.665859431148456,-5.61087180200235
-0.289230862628521,0.0805930635806145,-6.02187561200381
0.567583568970794,0.689331818180449,24.5295664969766
0.108453028264033,-0.137396587317971,0.65037689683127
-0.989540772914175,-0.24191902923393,-28.3673047613633
0.521981520056188,0.830121465034445,25.5013599769214
-0.929377290119522,-0.497661464903197,-30.699354226536
0.491467565462464,0.688424650572286,22.6130588951459
-0.595038879669525,-0.0319588549811918,-15.355354816456
0.91614696023876,0.0281908851025194,23.3265372825068
-0.264118497395831,-0.383063437021032,-12.3489139902113
-0.346136767323842,0.146084401238031,-6.46215316452557
-0.702223899335111,-0.349577607447577,-22.7992615950914
-0.38879156901957,-0.921461171516695,-23.5417067982397
0.753301523656401,-0.456002789311288,11.9924962517407
0.992668675254495,-0.987241913186819,10.0080881835601
-0.263380938986303,0.956709574113713,7.76612013704812
-0.102778738090915,0.931494419639495,11.4029478423196
0.444141876405474,-0.20968940505539,7.958205834306
0.772391560930149,0.456741708679292,26.1609146534431
0.186088668373568,-0.30838780317915,0.026399661651956
-0.216948603644341,0.342186314171952,-0.290920378529251
-0.174756318302753,0.610860086091958,4.79399333381056
0.391236292993614,0.893512489384481,23.1835946656076
-0.993563472791443,-0.199575448300656,-27.8327185442959
0.239178674919681,0.566595965912095,14.4784063616735
-0.289013979117285,-0.468143098735762,-14.2474959589686
0.588394662554169,0.980664607587297,29.4198356776637
-0.814018720353736,-0.948460802471298,-34.5773800459129
0.176404533896781,0.207057613002242,7.51597754245315
-0.0380542202277525,0.319011963302654,3.833823943846
0.284651051810455,0.376091114148258,12.7576430074852
-0.870292811034063,-0.759224842421822,-33.1456929121789
0.159967574856263,0.877059566946261,17.1550828756005
0.122969175919047,-0.637633441899834,-6.49027223052133
0.121320188832342,0.245506806479682,6.71560681800378
0.20697533319291,-0.55464784175383,-3.14533429648471
0.352935874452724,-0.385567165957458,3.03988937195624
0.60997799936154,0.0929170834562487,16.6432062358822
-0.460358559743571,-0.165613162870847,-13.993161436652
0.650098820360124,-0.679548798046987,6.05923853829829
-0.00348863547309275,-0.658127195158303,-9.95912381420187
-0.845883441731338,-0.163710423674401,-23.6027423983994
-0.882898141512042,0.514565956551001,-14.353964189536
-0.331523362607878,0.795929293695577,3.6508553402367
0.569793954222935,-0.831744675481234,1.76867872335486
0.415361869481832,-0.213792184881198,7.17716396382782
0.577229929344813,-0.799508872554247,2.43811514530662
0.0345381128832187,-0.966815038734804,-13.6387727589416
-0.119602004089019,0.323437365287913,1.86151037709323
-0.705094946587432,0.204898883933176,-14.5538904056882
-0.343614492781377,-0.673961772370228,-18.6997889050878
-0.131961267652249,-0.532374333813872,-11.2846466985143
-0.822799140640766,-0.952584492710963,-34.8587459066836
-0.558776094577577,0.669894411388807,-3.92098619360732
0.196450588127478,0.949381192097103,19.1519825846435
0.47132622847838,-0.729080926410618,0.846941815800216
0.996695022785899,-0.537049572469404,16.8616319826064
0.866226662687115,0.736819047893868,32.7079522855859
0.285130399070383,0.85292759591237,19.9221739154451
-0.157503893411856,-0.160745234386379,-6.34877585109209
0.272354729416465,-0.898755055461852,-6.67245759651614
0.571303236160464,-0.921216332614361,0.46433591479618
-0.763327618153225,0.147899732138021,-16.8646944717603
-0.180190220607424,-0.214209782213642,-7.71790224839022
0.679604571271234,-0.942695144844691,2.8496871091105
-0.232334096133912,0.166504784625114,-3.3107806339711
0.143744542454373,-0.977394926821955,-11.06731034097
0.175538721724396,0.574743916298546,13.0096267875881
-0.631047493732721,-0.387134354593257,-21.5832026622169
-0.275529116695423,-0.919483993981536,-20.6804878271086
-0.330977422516136,0.176704441966307,-5.62386893340879
-0.94760658293587,-0.204631171133891,-26.7596321404051
-0.95161647221729,0.947600826714299,-9.57639940471775
0.663394087351547,0.0883973250074044,17.9108120588997
-0.453858380054375,-0.449521637925983,-18.0892840702491
0.0361575324776309,0.41887772926795,7.18710425096002
-0.402548852822454,-0.457015994914577,-16.91896124428
0.881358490230681,0.80848658281513,34.161260997994
-0.481406482268453,-0.250556058985247,-15.79350294149
-0.14068637452213,0.0997371255524104,-2.02110247976709
0.745460500969204,-0.898853792351542,5.15370563895696
0.683867133583617,-0.147757524095538,14.8803154781574
-0.627797164307445,0.66472707932199,-5.72402291785628
0.605286619591421,0.611297610726684,24.3016296506858
-0.0836262265242147,-0.551362882292947,-10.3610988974996
-0.0340622558292896,-0.547841857978875,-9.06918426541536
-0.733040055168112,0.634610624426474,-8.80684201280571
-0.838796972485751,0.860796840338651,-8.057971707064
0.45587861394753,-0.809278157453993,-0.742207013121636
-0.0070776952894005,-0.0998827211475495,-1.67518319944825
-0.126298594769641,-0.325091442071542,-8.03383650031415
0.459016457304793,0.741376910914879,22.596065096343
0.531025797982219,-0.832950170639962,0.781392389956052
-0.682183664661293,-0.577748114883925,-25.7208133397912
0.220450298955283,0.504936675172989,13.0853076014769
-0.729291835444629,-0.897412302037569,-31.6934804166793
0.502750172058091,-0.0149292385714215,12.344815722881
0.313910312534279,-0.11578593064056,6.11096885374858
0.913229242166916,-0.331197642022503,17.8627664238354
-0.862083967287158,-0.210855369362152,-24.7149297226112
-0.885890557697491,0.0598811738604659,-21.2490463345303
-0.4356258506136,-0.677265283223234,-21.0496255136885
